{
  "target_name": "gaussian_mixture",
  "dimension": 10,
  "num_reference_runs": 10,
  "num_particles_reference": 32,
  "logZ_ref_mean": -10.486807537078857,
  "logZ_ref_std": 0.02029896586745094,
  "f1_mean_ref": [
    -0.007285028696060181,
    -0.0009336173534393311,
    0.025254640728235245,
    -0.003741287859156728,
    0.0010054974118247628,
    0.019079839810729027,
    -0.02712230011820793,
    0.018143227323889732,
    -0.016401614993810654,
    -0.017415553331375122
  ],
  "f1_std_ref": [
    0.029837582260370255,
    0.03557262942194939,
    0.035619888454675674,
    0.043838899582624435,
    0.02109425887465477,
    0.03588820993900299,
    0.04604417085647583,
    0.03246802091598511,
    0.026798559352755547,
    0.03650912642478943
  ],
  "f2_mean_ref": [
    0.04100428894162178,
    0.04289788380265236,
    0.03929901123046875,
    0.04477095976471901,
    0.037624768912792206,
    0.03750414773821831,
    0.04120290279388428,
    0.0399794727563858,
    0.03799707815051079,
    0.04180013760924339
  ],
  "f2_std_ref": [
    0.00951151642948389,
    0.013502483256161213,
    0.012306160293519497,
    0.00982188805937767,
    0.008448602631688118,
    0.006422667298465967,
    0.016435936093330383,
    0.008609123528003693,
    0.0067807892337441444,
    0.010110471397638321
  ],
  "final_ess_mean": 31.7930419921875,
  "final_ess_std": 0.08584934851798229,
  "acceptance_rate_mean": 0.9982144951820373,
  "acceptance_rate_std": 0.0002861537645598817,
  "n_iter_mean": 2.0,
  "n_iter_std": 0.0
}