{
  "dimension": 10,
  "num_particles_reference": 32,
  "num_reference_runs": 10,
  "completed_seeds": [
    0,
    1,
    2,
    3,
    4,
    5,
    6,
    7,
    8,
    9
  ],
  "logZ_runs": [
    -10.49090576171875,
    -10.523639678955078,
    -10.491168975830078,
    -10.500947952270508,
    -10.484480857849121,
    -10.499860763549805,
    -10.488243103027344,
    -10.459249496459961,
    -10.45456314086914,
    -10.475015640258789
  ],
  "f1_runs": [
    [
      -0.0070023080334067345,
      0.015706202015280724,
      0.0409768670797348,
      0.011216210201382637,
      0.0013034665025770664,
      -0.005199971608817577,
      0.03699541091918945,
      0.03603636100888252,
      -0.03237389400601387,
      -0.02228155918419361
    ],
    [
      0.020282667130231857,
      -0.03857898712158203,
      0.0292342659085989,
      -0.004340745974332094,
      0.019121626392006874,
      -0.015513400547206402,
      0.009339490905404091,
      -0.03315788507461548,
      -0.04561901465058327,
      -0.05735994130373001
    ],
    [
      0.030170859768986702,
      -0.0037773442454636097,
      0.005017346702516079,
      0.021026533097028732,
      0.018694352358579636,
      -0.020114706829190254,
      -0.02690587006509304,
      0.05400563031435013,
      -0.03117147646844387,
      -0.08327189087867737
    ],
    [
      -0.04065597802400589,
      -0.006784375756978989,
      -0.007832232862710953,
      -0.03333419933915138,
      -0.024379944428801537,
      -0.0035593854263424873,
      -0.1156366690993309,
      0.029561499133706093,
      -0.043619703501462936,
      0.0055871084332466125
    ],
    [
      -0.02136807329952717,
      -0.05087403580546379,
      -0.006077933590859175,
      0.07314019650220871,
      0.007141975685954094,
      0.04179792106151581,
      -0.014293921180069447,
      0.02550000324845314,
      -0.01767236553132534,
      0.02186042256653309
    ],
    [
      -0.037477757781744,
      0.038617394864559174,
      0.058661606162786484,
      -0.04512372240424156,
      0.03427659347653389,
      0.07956870645284653,
      -0.0651988685131073,
      -0.008657485246658325,
      0.009145629592239857,
      0.0016335062682628632
    ],
    [
      0.019400952383875847,
      0.06583288311958313,
      0.06304387748241425,
      -0.0834122896194458,
      -0.01654805988073349,
      0.04469123110175133,
      0.0023936880752444267,
      0.05053479224443436,
      0.027759745717048645,
      -0.044933661818504333
    ],
    [
      -0.022924184799194336,
      -0.014534096233546734,
      0.04682748019695282,
      0.03327713534235954,
      -0.026833273470401764,
      0.0032556927762925625,
      -0.07509308308362961,
      -0.023258771747350693,
      -0.042215026915073395,
      -0.005530126392841339
    ],
    [
      -0.043165042996406555,
      0.013333957642316818,
      -0.04000265151262283,
      -0.015872638672590256,
      -0.016855470836162567,
      -0.0009117945446632802,
      -0.027609845623373985,
      -0.001741674728691578,
      0.014011131599545479,
      -0.02404695563018322
    ],
    [
      0.0298885740339756,
      -0.028277777135372162,
      0.06269777566194534,
      0.00601064320653677,
      0.01413370855152607,
      0.06678410619497299,
      0.0047866846434772015,
      0.05260980501770973,
      -0.0022611627355217934,
      0.03418755903840065
    ]
  ],
  "f2_runs": [
    [
      0.034986332058906555,
      0.04476169869303703,
      0.022041622549295425,
      0.038509998470544815,
      0.046235594898462296,
      0.037766262888908386,
      0.045357998460531235,
      0.05650271475315094,
      0.0283039640635252,
      0.0569300651550293
    ],
    [
      0.05754305049777031,
      0.06298761069774628,
      0.051391951739788055,
      0.044017940759658813,
      0.04719596728682518,
      0.04201430827379227,
      0.024588096886873245,
      0.05426822602748871,
      0.03925660252571106,
      0.06080159544944763
    ],
    [
      0.028074180707335472,
      0.05176599323749542,
      0.0435798205435276,
      0.04517321288585663,
      0.046065595000982285,
      0.041311390697956085,
      0.044808097183704376,
      0.03775055706501007,
      0.033335745334625244,
      0.040925052016973495
    ],
    [
      0.03702159225940704,
      0.046735476702451706,
      0.030301835387945175,
      0.051498331129550934,
      0.03810388222336769,
      0.043500419706106186,
      0.08115751296281815,
      0.03148682415485382,
      0.04214727133512497,
      0.037901025265455246
    ],
    [
      0.04417630657553673,
      0.03252827376127243,
      0.03830508142709732,
      0.029565200209617615,
      0.04290667921304703,
      0.03996293991804123,
      0.04753968119621277,
      0.03737429529428482,
      0.04200012609362602,
      0.044145695865154266
    ],
    [
      0.04606303200125694,
      0.031800489872694016,
      0.06137903034687042,
      0.06131981313228607,
      0.027614839375019073,
      0.044652413576841354,
      0.037430282682180405,
      0.03298318386077881,
      0.04646599292755127,
      0.04269585385918617
    ],
    [
      0.0357842855155468,
      0.06414628773927689,
      0.046389732509851456,
      0.051374826580286026,
      0.030860712751746178,
      0.030596565455198288,
      0.027767043560743332,
      0.03834402561187744,
      0.044796817004680634,
      0.03535105660557747
    ],
    [
      0.04401369020342827,
      0.02922241948544979,
      0.029630346223711967,
      0.03182302042841911,
      0.03424263373017311,
      0.03448738902807236,
      0.037780631333589554,
      0.04071184992790222,
      0.03317312151193619,
      0.028198497369885445
    ],
    [
      0.05235707387328148,
      0.027241691946983337,
      0.026320738717913628,
      0.041980743408203125,
      0.02299235202372074,
      0.023863986134529114,
      0.02441142313182354,
      0.037171870470047,
      0.042557284235954285,
      0.03442317619919777
    ],
    [
      0.03002334013581276,
      0.03778889775276184,
      0.04364996775984764,
      0.05244651436805725,
      0.040029458701610565,
      0.03688579425215721,
      0.04118828475475311,
      0.033201176673173904,
      0.02793389931321144,
      0.03662936016917229
    ]
  ],
  "final_ess_runs": [
    31.81723403930664,
    31.70511245727539,
    31.72797203063965,
    31.61918830871582,
    31.86604881286621,
    31.77988624572754,
    31.821056365966797,
    31.833267211914062,
    31.894672393798828,
    31.865982055664062
  ],
  "acceptance_rate_runs": [
    0.9981476962566376,
    0.9979262948036194,
    0.9986586570739746,
    0.998300313949585,
    0.9982364773750305,
    0.9982437193393707,
    0.9980316162109375,
    0.9983674585819244,
    0.9985449314117432,
    0.9976877868175507
  ],
  "n_iter_runs": [
    2.0,
    2.0,
    2.0,
    2.0,
    2.0,
    2.0,
    2.0,
    2.0,
    2.0,
    2.0
  ]
}