{
  "target_name": "gaussian_mixture",
  "algorithm_name": "ps",
  "kernel_name": "hmc",
  "seed": 3,
  "dimension": 10,
  "num_particles": 16,
  "logZ": -31.72165298461914,
  "posterior_mean": [
    -0.029638424515724182,
    0.2851225733757019,
    0.10396497696638107,
    0.7220485210418701,
    0.03418458625674248,
    0.2648199796676636,
    -0.036040641367435455,
    0.3802618384361267,
    0.0599328875541687,
    0.5585801601409912
  ],
  "posterior_second_moment": [
    1.7620320320129395,
    1.4130241870880127,
    1.5200433731079102,
    2.1078357696533203,
    1.7391575574874878,
    0.9812111854553223,
    1.3730486631393433,
    0.9746400117874146,
    1.57191801071167,
    1.6424623727798462
  ],
  "final_ess": 38.407798767089844,
  "acceptance_rate_mean": 0.9562817215919495,
  "acceptance_rate_last": 0.7660433650016785,
  "n_iter": 12,
  "runtime_sec": 57.01518704206683,
  "tempering_path": [
    0.000335693359375,
    0.010637639090418816,
    0.024086708202958107,
    0.04752182215452194,
    0.0841648280620575,
    0.12408308684825897,
    0.19593563675880432,
    0.2584403157234192,
    0.3526288866996765,
    0.5105797052383423,
    0.7448347210884094,
    1.0
  ],
  "logZ_path": [
    -0.08716225624084473,
    -2.3548083305358887,
    -4.294347763061523,
    -6.6093034744262695,
    -9.772685050964355,
    -11.851076126098633,
    -15.229599952697754,
    -17.25550651550293,
    -19.79717254638672,
    -23.214338302612305,
    -27.43168067932129,
    -31.72165298461914
  ],
  "ess_path": [
    31.991968154907227,
    36.61243438720703,
    35.297019958496094,
    34.96897506713867,
    33.511810302734375,
    33.307621002197266,
    34.04866027832031,
    38.37648010253906,
    37.609153747558594,
    35.29267501831055,
    36.50410079956055,
    38.407798767089844
  ],
  "acceptance_path": [
    0.9649998545646667,
    0.967499852180481,
    0.9824998378753662,
    0.9949846267700195,
    0.9973927736282349,
    0.999354362487793,
    0.9981666207313538,
    0.9920346140861511,
    0.9881553649902344,
    0.9641492366790771,
    0.8601001501083374,
    0.7660433650016785
  ],
  "elapsed_time_path": [
    7.887102707987651,
    12.766050375066698,
    17.10942054213956,
    21.460702917072922,
    25.78977895807475,
    30.301111583132297,
    34.822269125143066,
    39.29592908313498,
    43.63356141699478,
    48.131688750116155,
    52.53780895820819,
    57.011862667044625
  ],
  "gradient_eval_count": 48000,
  "resampling_steps": 12,
  "variance_log_weights_path": [
    0.9857906103134155,
    1.452939748764038,
    1.886041283607483,
    2.2441933155059814,
    2.4960203170776367,
    2.7060046195983887,
    2.733294725418091,
    2.8810365200042725,
    2.9714486598968506,
    2.9535083770751953,
    2.911111354827881,
    2.995388984680176
  ],
  "weight_entropy_path": [
    3.4656100273132324,
    3.7073864936828613,
    3.707451581954956,
    3.686466693878174,
    3.66402530670166,
    3.6622865200042725,
    3.652097225189209,
    3.787494659423828,
    3.7926480770111084,
    3.71632719039917,
    3.7291455268859863,
    3.8000614643096924
  ],
  "esjd_path": [
    5.00230598449707,
    771.9873046875,
    481.50018310546875,
    318.72479248046875,
    281.3668518066406,
    186.0531005859375,
    146.251220703125,
    97.24563598632812,
    83.46025085449219,
    51.766090393066406,
    38.36326599121094,
    30.54401397705078
  ],
  "step_size_path": [
    0.10000000149011612,
    0.15133492648601532,
    0.20996370911598206,
    0.2802051603794098,
    0.3641089200973511,
    0.4612250328063965,
    0.5728664994239807,
    0.6992774605751038,
    0.8392897844314575,
    0.994196891784668,
    1.153447151184082,
    1.2673358917236328
  ],
  "num_mcmc_steps": 25
}