{
  "target_name": "gaussian_mixture",
  "algorithm_name": "ps",
  "kernel_name": "hmc",
  "seed": 1,
  "dimension": 10,
  "num_particles": 16,
  "logZ": -35.77082824707031,
  "posterior_mean": [
    0.11228594928979874,
    0.2482897937297821,
    0.4055892825126648,
    -0.23628969490528107,
    -0.35541439056396484,
    -0.1059751808643341,
    0.03067975863814354,
    -0.05970393866300583,
    -0.3135138154029846,
    -0.36297816038131714
  ],
  "posterior_second_moment": [
    0.9796598553657532,
    0.5551930069923401,
    0.9368096590042114,
    0.5217350125312805,
    1.3385952711105347,
    1.0116244554519653,
    1.5377905368804932,
    0.9917125105857849,
    0.8208171725273132,
    1.0669574737548828
  ],
  "final_ess": 38.8703498840332,
  "acceptance_rate_mean": 0.9245766538840073,
  "acceptance_rate_last": 0.42292553186416626,
  "n_iter": 13,
  "runtime_sec": 61.535699208965525,
  "tempering_path": [
    0.00048828125,
    0.013278434984385967,
    0.02479923516511917,
    0.04233018681406975,
    0.06786254048347473,
    0.08799383044242859,
    0.11427092552185059,
    0.16087117791175842,
    0.2438288778066635,
    0.33356189727783203,
    0.5015747547149658,
    0.7931644916534424,
    1.0
  ],
  "logZ_path": [
    -0.1410524845123291,
    -3.4661967754364014,
    -5.883387088775635,
    -8.878965377807617,
    -12.500972747802734,
    -14.4856538772583,
    -16.09657096862793,
    -18.142284393310547,
    -21.08633804321289,
    -23.49213981628418,
    -27.195711135864258,
    -32.53046417236328,
    -35.77082824707031
  ],
  "ess_path": [
    31.99127769470215,
    37.02825164794922,
    36.225921630859375,
    35.70880889892578,
    35.60261154174805,
    37.410911560058594,
    36.992828369140625,
    33.58083724975586,
    32.07892990112305,
    37.58369445800781,
    36.66670227050781,
    32.95329666137695,
    38.8703498840332
  ],
  "acceptance_path": [
    0.9774998426437378,
    0.979999840259552,
    0.9799997210502625,
    0.9999940991401672,
    0.9973468780517578,
    0.997289776802063,
    0.9992634654045105,
    0.9959241151809692,
    0.9913154244422913,
    0.9662724137306213,
    0.9393400549888611,
    0.772325336933136,
    0.42292553186416626
  ],
  "elapsed_time_path": [
    8.010815291898325,
    12.82532083406113,
    17.09221054194495,
    21.48511545895599,
    25.841476833913475,
    30.329963125055656,
    34.83154620905407,
    39.30817791703157,
    43.72403479204513,
    48.24428649991751,
    52.61114383395761,
    57.02549837506376,
    61.5326809999533
  ],
  "gradient_eval_count": 52000,
  "resampling_steps": 13,
  "variance_log_weights_path": [
    0.9857903122901917,
    1.4545495510101318,
    1.903501272201538,
    2.304936170578003,
    2.626859188079834,
    2.9404847621917725,
    3.156860828399658,
    3.153751850128174,
    2.9122793674468994,
    2.865468978881836,
    2.7530856132507324,
    2.671729803085327,
    2.8766028881073
  ],
  "weight_entropy_path": [
    3.465599536895752,
    3.723475456237793,
    3.780492067337036,
    3.728849411010742,
    3.725431203842163,
    3.7873642444610596,
    3.758344888687134,
    3.6749072074890137,
    3.605806350708008,
    3.7438712120056152,
    3.749232769012451,
    3.648000478744507,
    3.799992322921753
  ],
  "esjd_path": [
    4.842914581298828,
    846.5282592773438,
    692.751220703125,
    582.6986083984375,
    297.0698547363281,
    267.8899230957031,
    176.8258056640625,
    162.85556030273438,
    114.17472076416016,
    68.20051574707031,
    56.105384826660156,
    33.50814437866211,
    20.370939254760742
  ],
  "step_size_path": [
    0.10000000149011612,
    0.153851717710495,
    0.21623387932777405,
    0.28794556856155396,
    0.37559711933135986,
    0.4757624864578247,
    0.5901641249656677,
    0.7208459973335266,
    0.8669795989990234,
    1.0286290645599365,
    1.1945974826812744,
    1.3602310419082642,
    1.4329395294189453
  ],
  "num_mcmc_steps": 25
}