{
  "target_name": "gaussian_mixture",
  "algorithm_name": "ps",
  "kernel_name": "hmc",
  "seed": 4,
  "dimension": 10,
  "num_particles": 16,
  "logZ": -34.42096710205078,
  "posterior_mean": [
    -0.21859484910964966,
    0.11662502586841583,
    0.06575191766023636,
    0.04759587347507477,
    -0.1341075897216797,
    0.020993642508983612,
    0.06539206951856613,
    0.4052906930446625,
    0.21147520840168,
    0.008112631738185883
  ],
  "posterior_second_moment": [
    0.4299049973487854,
    1.0521835088729858,
    0.9084163904190063,
    0.6069036722183228,
    0.9231653213500977,
    0.8195482492446899,
    0.8468698859214783,
    1.73439359664917,
    1.1134475469589233,
    0.8538205623626709
  ],
  "final_ess": 42.41368103027344,
  "acceptance_rate_mean": 0.8879784049752814,
  "acceptance_rate_last": 0.001964065246284008,
  "n_iter": 13,
  "runtime_sec": 49.48976983316243,
  "tempering_path": [
    0.00067138671875,
    0.020056098699569702,
    0.04717665910720825,
    0.06484872847795486,
    0.08690724521875381,
    0.11581757664680481,
    0.1734197735786438,
    0.230245903134346,
    0.3168221116065979,
    0.4397578537464142,
    0.5913419127464294,
    0.8086036443710327,
    1.0
  ],
  "logZ_path": [
    -0.15391778945922852,
    -4.1257805824279785,
    -8.630420684814453,
    -11.153203964233398,
    -13.531829833984375,
    -15.337636947631836,
    -17.604677200317383,
    -19.476594924926758,
    -21.924053192138672,
    -24.71950340270996,
    -27.628889083862305,
    -31.44439125061035,
    -34.42096710205078
  ],
  "ess_path": [
    31.991884231567383,
    36.26335906982422,
    30.83359146118164,
    36.63381576538086,
    35.549095153808594,
    35.546138763427734,
    33.7934684753418,
    35.7443733215332,
    37.125362396240234,
    37.91942596435547,
    38.98896026611328,
    38.03828430175781,
    42.41368103027344
  ],
  "acceptance_path": [
    0.9974998235702515,
    0.9924998879432678,
    0.9824963808059692,
    0.9974848628044128,
    0.999908447265625,
    0.9995455145835876,
    0.9958654642105103,
    0.9917805790901184,
    0.9887962937355042,
    0.9528335332870483,
    0.8912069797515869,
    0.751837432384491,
    0.001964065246284008
  ],
  "elapsed_time_path": [
    6.273786999983713,
    10.121530666016042,
    13.694880791008472,
    17.23010337515734,
    20.756757041206583,
    24.338729250011966,
    27.786299458006397,
    31.41490912507288,
    35.11240620817989,
    38.74217825010419,
    42.3425400829874,
    45.81896695820615,
    49.48703270801343
  ],
  "gradient_eval_count": 52000,
  "resampling_steps": 13,
  "variance_log_weights_path": [
    0.9857906699180603,
    1.4531530141830444,
    1.8804212808609009,
    2.300025701522827,
    2.667877435684204,
    2.9358391761779785,
    2.9475717544555664,
    2.998121976852417,
    2.9410135746002197,
    2.9194719791412354,
    3.0178964138031006,
    3.1382408142089844,
    3.350792169570923
  ],
  "weight_entropy_path": [
    3.465609073638916,
    3.7029905319213867,
    3.6111061573028564,
    3.7541444301605225,
    3.7498116493225098,
    3.691702127456665,
    3.6686625480651855,
    3.74151611328125,
    3.7519872188568115,
    3.78725004196167,
    3.837402105331421,
    3.81876277923584,
    3.9142658710479736
  ],
  "esjd_path": [
    5.223495006561279,
    607.4483642578125,
    566.3306274414062,
    317.8183288574219,
    346.0893249511719,
    182.5204620361328,
    109.2166748046875,
    104.64585876464844,
    82.63410186767578,
    57.00344467163086,
    42.04352569580078,
    34.63646697998047,
    17.03600311279297
  ],
  "step_size_path": [
    0.10000000149011612,
    0.15796592831611633,
    0.2249060571193695,
    0.3001454472541809,
    0.3907633423805237,
    0.4958394467830658,
    0.6159327030181885,
    0.7508537769317627,
    0.9010704159736633,
    1.0677239894866943,
    1.232119083404541,
    1.3728728294372559,
    1.4335951805114746
  ],
  "num_mcmc_steps": 25
}