{
  "target_name": "gaussian_mixture",
  "algorithm_name": "ps",
  "kernel_name": "hmc",
  "seed": 2,
  "dimension": 10,
  "num_particles": 16,
  "logZ": -35.656734466552734,
  "posterior_mean": [
    2.988185167312622,
    3.055471181869507,
    2.7790751457214355,
    3.0873806476593018,
    3.0043907165527344,
    2.643007278442383,
    2.900722026824951,
    3.096205234527588,
    2.835092067718506,
    2.8970518112182617
  ],
  "posterior_second_moment": [
    10.238462448120117,
    10.221246719360352,
    8.722766876220703,
    10.434945106506348,
    10.482379913330078,
    8.334330558776855,
    9.386341094970703,
    10.067390441894531,
    8.73394775390625,
    9.963447570800781
  ],
  "final_ess": 46.637489318847656,
  "acceptance_rate_mean": 0.8893357600484576,
  "acceptance_rate_last": 0.02943176031112671,
  "n_iter": 14,
  "runtime_sec": 65.19431662512943,
  "tempering_path": [
    0.0003662109375,
    0.015586999244987965,
    0.04268854856491089,
    0.06517300754785538,
    0.08841851353645325,
    0.1182442381978035,
    0.15320245921611786,
    0.2121485322713852,
    0.27800318598747253,
    0.3590923249721527,
    0.498977929353714,
    0.6471990346908569,
    0.8889099359512329,
    1.0
  ],
  "logZ_path": [
    -0.10449695587158203,
    -3.6772563457489014,
    -8.641290664672852,
    -12.223090171813965,
    -14.961795806884766,
    -17.444259643554688,
    -19.40300941467285,
    -21.927227020263672,
    -24.165081024169922,
    -26.099225997924805,
    -28.881872177124023,
    -31.271705627441406,
    -34.41489791870117,
    -35.656734466552734
  ],
  "ess_path": [
    31.99113655090332,
    34.409423828125,
    32.90922927856445,
    35.876224517822266,
    36.09054183959961,
    34.83694839477539,
    37.22745132446289,
    35.781314849853516,
    36.42123794555664,
    38.2515983581543,
    35.13671875,
    37.02377700805664,
    34.74170684814453,
    46.637489318847656
  ],
  "acceptance_path": [
    0.9349998235702515,
    0.9999998211860657,
    0.9949990510940552,
    0.9924753904342651,
    0.9949044585227966,
    0.9992145895957947,
    0.9979057908058167,
    0.9947034120559692,
    0.9890104532241821,
    0.9802805185317993,
    0.9497808814048767,
    0.9092588424682617,
    0.6837358474731445,
    0.02943176031112671
  ],
  "elapsed_time_path": [
    7.793386375065893,
    12.608143583172932,
    16.90704962518066,
    21.319679791107774,
    25.709436833159998,
    30.251921666087583,
    34.685848041204736,
    39.16468979115598,
    43.55736037506722,
    48.052943375194445,
    52.437635665992275,
    56.85985158313997,
    61.48713137512095,
    65.19174770801328
  ],
  "gradient_eval_count": 56000,
  "resampling_steps": 14,
  "variance_log_weights_path": [
    0.9857900738716125,
    1.4468694925308228,
    1.8482367992401123,
    2.2341692447662354,
    2.581975221633911,
    2.841167449951172,
    3.026390314102173,
    3.030792713165283,
    3.052201271057129,
    3.077486991882324,
    3.0032036304473877,
    3.094123125076294,
    3.104508399963379,
    3.396209955215454
  ],
  "weight_entropy_path": [
    3.4655966758728027,
    3.643282890319824,
    3.621671438217163,
    3.7334232330322266,
    3.75319242477417,
    3.6927130222320557,
    3.74465012550354,
    3.7322611808776855,
    3.7589399814605713,
    3.793410539627075,
    3.7378501892089844,
    3.7781100273132324,
    3.7132863998413086,
    3.9567651748657227
  ],
  "esjd_path": [
    93.1856689453125,
    871.5494384765625,
    548.9815673828125,
    351.8089599609375,
    343.98095703125,
    254.75009155273438,
    153.0653533935547,
    123.30945587158203,
    114.99348449707031,
    116.28453063964844,
    74.75216674804688,
    89.10160064697266,
    65.74465942382812,
    30.98288917541504
  ],
  "step_size_path": [
    0.10000000149011612,
    0.1454613208770752,
    0.20871563255786896,
    0.2815869450569153,
    0.3652060627937317,
    0.4618297815322876,
    0.5735677480697632,
    0.7000285387039185,
    0.8413920402526855,
    0.9971153736114502,
    1.1657209396362305,
    1.333606243133545,
    1.489935040473938,
    1.5100939273834229
  ],
  "num_mcmc_steps": 25
}