{
  "target_name": "gaussian_mixture",
  "algorithm_name": "ps",
  "kernel_name": "hmc",
  "seed": 0,
  "dimension": 10,
  "num_particles": 16,
  "logZ": -35.73658752441406,
  "posterior_mean": [
    -0.14585214853286743,
    -0.1982453167438507,
    0.02595275454223156,
    -0.07062195986509323,
    0.02058379352092743,
    -0.25300681591033936,
    -0.06580767780542374,
    -0.00835118256509304,
    -0.1492980718612671,
    -0.1956837773323059
  ],
  "posterior_second_moment": [
    0.6159067153930664,
    0.7798900604248047,
    2.2912378311157227,
    1.8969613313674927,
    1.398032784461975,
    0.9324964880943298,
    0.8749363422393799,
    1.0487074851989746,
    0.9612810611724854,
    1.1325265169143677
  ],
  "final_ess": 40.1116943359375,
  "acceptance_rate_mean": 0.9323007120535924,
  "acceptance_rate_last": 0.4863727390766144,
  "n_iter": 13,
  "runtime_sec": 61.39666658313945,
  "tempering_path": [
    0.0003814697265625,
    0.01317489705979824,
    0.03392448276281357,
    0.053919002413749695,
    0.07230331003665924,
    0.09967656433582306,
    0.133289635181427,
    0.19694793224334717,
    0.3208686113357544,
    0.43999844789505005,
    0.5626696944236755,
    0.7600609064102173,
    1.0
  ],
  "logZ_path": [
    -0.10627627372741699,
    -3.1689138412475586,
    -7.094156265258789,
    -10.085688591003418,
    -12.23633861541748,
    -14.665103912353516,
    -16.331758499145508,
    -18.965604782104492,
    -22.820354461669922,
    -25.818443298339844,
    -28.370784759521484,
    -31.87405014038086,
    -35.73658752441406
  ],
  "ess_path": [
    31.99277687072754,
    35.249107360839844,
    32.342735290527344,
    35.44784927368164,
    37.977725982666016,
    35.3739128112793,
    36.946205139160156,
    36.96780014038086,
    32.52420425415039,
    35.43198776245117,
    38.67498016357422,
    37.556217193603516,
    40.1116943359375
  ],
  "acceptance_path": [
    0.9849998354911804,
    0.9874997735023499,
    0.9749964475631714,
    0.9699892997741699,
    0.9999228715896606,
    0.9996787309646606,
    0.9978956580162048,
    0.9960908889770508,
    0.988341212272644,
    0.9660934805870056,
    0.9542912840843201,
    0.8137370347976685,
    0.4863727390766144
  ],
  "elapsed_time_path": [
    7.865548708010465,
    12.743794500129297,
    17.071899499977008,
    21.31701362505555,
    25.768519792007282,
    30.25637304200791,
    34.80549983307719,
    39.19518241705373,
    43.654094125144184,
    48.16418183315545,
    52.51426137518138,
    56.95060000009835,
    61.393308125203475
  ],
  "gradient_eval_count": 52000,
  "resampling_steps": 13,
  "variance_log_weights_path": [
    0.9857909679412842,
    1.4522380828857422,
    1.8698468208312988,
    2.2559893131256104,
    2.622915744781494,
    2.8884143829345703,
    3.0600552558898926,
    2.987494468688965,
    2.719593048095703,
    2.7435109615325928,
    2.8907313346862793,
    3.005120277404785,
    3.1484742164611816
  ],
  "weight_entropy_path": [
    3.465623378753662,
    3.684148073196411,
    3.6104559898376465,
    3.709960460662842,
    3.806365966796875,
    3.7249209880828857,
    3.735342502593994,
    3.730762481689453,
    3.649290084838867,
    3.7202396392822266,
    3.8085315227508545,
    3.794952154159546,
    3.8470382690429688
  ],
  "esjd_path": [
    4.925130844116211,
    861.7901000976562,
    678.42138671875,
    415.1198425292969,
    380.6414489746094,
    276.6099853515625,
    200.18458557128906,
    126.64462280273438,
    104.70055389404297,
    60.644805908203125,
    37.6335563659668,
    31.577831268310547,
    28.246213912963867
  ],
  "step_size_path": [
    0.10000000149011612,
    0.15538184344768524,
    0.2200854867696762,
    0.2918007969856262,
    0.372028112411499,
    0.47207096219062805,
    0.5864560604095459,
    0.7157543301582336,
    0.8609325885772705,
    1.0199295282363892,
    1.1843936443328857,
    1.3577229976654053,
    1.4559468030929565
  ],
  "num_mcmc_steps": 25
}