{
  "target_name": "gaussian_mixture",
  "algorithm_name": "ps",
  "kernel_name": "mala",
  "seed": 2,
  "dimension": 10,
  "num_particles": 16,
  "logZ": -38.035682678222656,
  "posterior_mean": [
    -0.23141928017139435,
    -0.001979619264602661,
    -0.08143460005521774,
    0.3031497001647949,
    -0.48254233598709106,
    0.030967941507697105,
    -0.5066203474998474,
    -0.12344540655612946,
    0.030255848541855812,
    -0.16754849255084991
  ],
  "posterior_second_moment": [
    1.1279449462890625,
    0.8855621814727783,
    0.9190865159034729,
    0.9883551597595215,
    0.8223696351051331,
    0.5815502405166626,
    0.9550254940986633,
    0.5040469169616699,
    0.8321688771247864,
    0.7750049829483032
  ],
  "final_ess": 39.51020050048828,
  "acceptance_rate_mean": 0.9422601874058063,
  "acceptance_rate_last": 0.6776860952377319,
  "n_iter": 13,
  "runtime_sec": 63.766147000016645,
  "tempering_path": [
    0.0003662109375,
    0.015085550025105476,
    0.037217043340206146,
    0.057292163372039795,
    0.0857466608285904,
    0.1175500899553299,
    0.15580785274505615,
    0.22896748781204224,
    0.2940986454486847,
    0.3755612373352051,
    0.5083935856819153,
    0.7303726077079773,
    1.0
  ],
  "logZ_path": [
    -0.10449695587158203,
    -3.5614664554595947,
    -7.625524997711182,
    -10.755335807800293,
    -14.204085350036621,
    -17.135961532592773,
    -19.5123233795166,
    -22.978763580322266,
    -24.963584899902344,
    -27.067337036132812,
    -29.875337600708008,
    -33.753753662109375,
    -38.035682678222656
  ],
  "ess_path": [
    31.990610122680664,
    33.97536087036133,
    33.07366943359375,
    37.58613204956055,
    34.57016372680664,
    35.044185638427734,
    36.3977165222168,
    33.3143310546875,
    35.169918060302734,
    36.19652557373047,
    35.482322692871094,
    35.13737869262695,
    39.51020050048828
  ],
  "acceptance_path": [
    0.917499840259552,
    0.987492561340332,
    0.9824254512786865,
    0.9947638511657715,
    0.9992230534553528,
    0.997127890586853,
    0.9962334036827087,
    0.9915009140968323,
    0.9810906052589417,
    0.9617888331413269,
    0.9251015782356262,
    0.8374483585357666,
    0.6776860952377319
  ],
  "elapsed_time_path": [
    7.633595584193245,
    12.344384042080492,
    16.948290625121444,
    21.71669725002721,
    26.28811425017193,
    30.809095750097185,
    35.497894750209525,
    40.73050579219125,
    45.27910808403976,
    50.23033033404499,
    54.77417733403854,
    59.35075387521647,
    63.76313087507151
  ],
  "gradient_eval_count": 5200,
  "resampling_steps": 13,
  "variance_log_weights_path": [
    0.9857900738716125,
    1.4467504024505615,
    1.8587403297424316,
    2.250192642211914,
    2.569112539291382,
    2.822704553604126,
    2.994053363800049,
    2.9096481800079346,
    2.960923433303833,
    3.0060133934020996,
    2.963022470474243,
    2.9033970832824707,
    2.9518003463745117
  ],
  "weight_entropy_path": [
    3.465588331222534,
    3.63742733001709,
    3.6321425437927246,
    3.764460563659668,
    3.719015121459961,
    3.699244260787964,
    3.724769115447998,
    3.639242172241211,
    3.7200183868408203,
    3.7563209533691406,
    3.7243802547454834,
    3.7088260650634766,
    3.803112030029297
  ],
  "esjd_path": [
    97.9172134399414,
    859.4227905273438,
    497.90411376953125,
    367.837158203125,
    310.047607421875,
    182.65882873535156,
    136.28176879882812,
    137.5145263671875,
    99.31544494628906,
    68.27100372314453,
    47.38849639892578,
    28.83733367919922,
    23.94005012512207
  ],
  "step_size_path": [
    0.019999999552965164,
    0.03146837651729584,
    0.04826793819665909,
    0.06887701898813248,
    0.09488997608423233,
    0.1268438994884491,
    0.16505064070224762,
    0.21034766733646393,
    0.2630099654197693,
    0.32269418239593506,
    0.3878788948059082,
    0.45431971549987793,
    0.5087080597877502
  ],
  "num_mcmc_steps": 25
}