{
  "target_name": "gaussian_mixture",
  "algorithm_name": "ps",
  "kernel_name": "mala",
  "seed": 3,
  "dimension": 10,
  "num_particles": 16,
  "logZ": -31.149198532104492,
  "posterior_mean": [
    0.03284559026360512,
    -0.00797217432409525,
    -0.2478276789188385,
    0.32801368832588196,
    0.26315295696258545,
    -0.23010259866714478,
    -0.24958932399749756,
    0.025802135467529297,
    -0.028891030699014664,
    0.574118971824646
  ],
  "posterior_second_moment": [
    0.8345369100570679,
    0.45235875248908997,
    1.1425528526306152,
    1.62994384765625,
    0.9842790365219116,
    0.9821457266807556,
    1.4031397104263306,
    1.2142740488052368,
    2.0472378730773926,
    1.058701992034912
  ],
  "final_ess": 52.85112380981445,
  "acceptance_rate_mean": 0.937044212451348,
  "acceptance_rate_last": 0.7240369915962219,
  "n_iter": 13,
  "runtime_sec": 63.74774345802143,
  "tempering_path": [
    0.000335693359375,
    0.010403590276837349,
    0.021432284265756607,
    0.04005032032728195,
    0.0732419416308403,
    0.12957696616649628,
    0.1772778332233429,
    0.2290494740009308,
    0.3114958703517914,
    0.4713301956653595,
    0.6459293365478516,
    0.9232385754585266,
    1.0
  ],
  "logZ_path": [
    -0.08716225624084473,
    -2.3094482421875,
    -4.000735282897949,
    -5.897046089172363,
    -8.587942123413086,
    -11.895387649536133,
    -14.082587242126465,
    -16.101133346557617,
    -18.468982696533203,
    -22.092527389526367,
    -25.29941177368164,
    -29.978723526000977,
    -31.149198532104492
  ],
  "ess_path": [
    31.991796493530273,
    35.919376373291016,
    35.347923278808594,
    34.70399475097656,
    36.22420883178711,
    33.33775329589844,
    36.31066131591797,
    39.29153823852539,
    38.482215881347656,
    35.6242790222168,
    37.61528015136719,
    39.0197639465332,
    52.85112380981445
  ],
  "acceptance_path": [
    0.9449998140335083,
    0.9274981617927551,
    0.9974813461303711,
    0.9998853206634521,
    0.9995763301849365,
    0.9980427622795105,
    0.9952422380447388,
    0.9911351799964905,
    0.9803064465522766,
    0.9494724273681641,
    0.8926413655281067,
    0.781256377696991,
    0.7240369915962219
  ],
  "elapsed_time_path": [
    7.524670124985278,
    12.293483250075951,
    16.88478908292018,
    21.709257916081697,
    26.272183791035786,
    30.790121416095644,
    35.52290262491442,
    40.73987316596322,
    45.28886783309281,
    50.2279093330726,
    54.7881928330753,
    59.32313016592525,
    63.74455262487754
  ],
  "gradient_eval_count": 5200,
  "resampling_steps": 13,
  "variance_log_weights_path": [
    0.9857903718948364,
    1.452223539352417,
    1.8913905620574951,
    2.2655274868011475,
    2.51810359954834,
    2.6120917797088623,
    2.7943689823150635,
    2.984703779220581,
    3.087247610092163,
    3.036365270614624,
    3.073164463043213,
    3.026472330093384,
    3.3833162784576416
  ],
  "weight_entropy_path": [
    3.4656078815460205,
    3.695450782775879,
    3.7273457050323486,
    3.6856167316436768,
    3.7043023109436035,
    3.670961380004883,
    3.762277126312256,
    3.8340651988983154,
    3.801109790802002,
    3.718414783477783,
    3.7700161933898926,
    3.7993783950805664,
    4.0740861892700195
  ],
  "esjd_path": [
    9.133696556091309,
    846.1943359375,
    518.8989868164062,
    328.0601501464844,
    222.40440368652344,
    122.44732666015625,
    118.48210906982422,
    90.32001495361328,
    65.50468444824219,
    46.113548278808594,
    32.80332946777344,
    28.187829971313477,
    24.14658546447754
  ],
  "step_size_path": [
    0.019999999552965164,
    0.03263121843338013,
    0.047039419412612915,
    0.06800952553749084,
    0.09406095743179321,
    0.12576605379581451,
    0.1637413203716278,
    0.2085602581501007,
    0.2607240378856659,
    0.3197634816169739,
    0.38211673498153687,
    0.44107580184936523,
    0.48210984468460083
  ],
  "num_mcmc_steps": 25
}