{
  "target_name": "gaussian_mixture",
  "algorithm_name": "ps",
  "kernel_name": "mala",
  "seed": 4,
  "dimension": 10,
  "num_particles": 16,
  "logZ": -34.861328125,
  "posterior_mean": [
    -0.06595118343830109,
    0.12220895290374756,
    0.3720477223396301,
    -0.060811907052993774,
    -0.10160178691148758,
    0.03640401363372803,
    -0.012320950627326965,
    -0.1161816343665123,
    0.04496556520462036,
    -0.2840048670768738
  ],
  "posterior_second_moment": [
    0.424029141664505,
    1.1489050388336182,
    0.8080912828445435,
    1.4405887126922607,
    0.9998769164085388,
    0.6765229105949402,
    1.074748158454895,
    0.8016660213470459,
    0.503889262676239,
    0.8890876173973083
  ],
  "final_ess": 49.85042190551758,
  "acceptance_rate_mean": 0.9351663268529452,
  "acceptance_rate_last": 0.6701427102088928,
  "n_iter": 13,
  "runtime_sec": 62.839397750096396,
  "tempering_path": [
    0.00067138671875,
    0.018633220344781876,
    0.040394868701696396,
    0.05999556928873062,
    0.08149263262748718,
    0.11198994517326355,
    0.15776169300079346,
    0.23661229014396667,
    0.30519789457321167,
    0.4270448386669159,
    0.6343494057655334,
    0.9504997134208679,
    1.0
  ],
  "logZ_path": [
    -0.15391778945922852,
    -3.820201873779297,
    -7.405808448791504,
    -10.134612083435059,
    -12.471962928771973,
    -14.696399688720703,
    -16.822019577026367,
    -19.767881393432617,
    -21.95745086669922,
    -24.827035903930664,
    -28.75922203063965,
    -34.28221893310547,
    -34.861328125
  ],
  "ess_path": [
    31.99165916442871,
    36.843936920166016,
    33.613853454589844,
    37.16691589355469,
    36.55459976196289,
    34.03237533569336,
    36.199424743652344,
    35.9661865234375,
    39.98065948486328,
    37.10334777832031,
    35.471187591552734,
    34.19191360473633,
    49.85042190551758
  ],
  "acceptance_path": [
    0.992499828338623,
    0.9974878430366516,
    0.97989821434021,
    0.9997256398200989,
    0.9993226528167725,
    0.9985905885696411,
    0.9958072304725647,
    0.9867742657661438,
    0.9764624834060669,
    0.9463525414466858,
    0.8740199208259583,
    0.740078330039978,
    0.6701427102088928
  ],
  "elapsed_time_path": [
    7.587037625024095,
    12.2846171669662,
    16.91270108311437,
    21.720866082934663,
    26.280477750115097,
    30.775255291955546,
    35.33789416705258,
    40.216099167009816,
    44.74328070809133,
    49.69541116710752,
    54.120545957935974,
    58.63783754198812,
    62.8370092920959
  ],
  "gradient_eval_count": 5200,
  "resampling_steps": 13,
  "variance_log_weights_path": [
    0.985790491104126,
    1.4542101621627808,
    1.8925484418869019,
    2.307807683944702,
    2.6834521293640137,
    2.9570658206939697,
    3.0703232288360596,
    2.9603896141052246,
    3.0070438385009766,
    2.9375665187835693,
    2.8677728176116943,
    2.865205764770508,
    3.274998664855957
  ],
  "weight_entropy_path": [
    3.4656052589416504,
    3.7177700996398926,
    3.6960372924804688,
    3.775249481201172,
    3.7866978645324707,
    3.682368755340576,
    3.6960277557373047,
    3.7304370403289795,
    3.8406786918640137,
    3.769183397293091,
    3.718855857849121,
    3.687133312225342,
    4.017102241516113
  ],
  "esjd_path": [
    8.800081253051758,
    690.9497680664062,
    484.443359375,
    231.0255889892578,
    264.07196044921875,
    152.61798095703125,
    93.8200912475586,
    111.24188232421875,
    83.99482727050781,
    42.26961898803711,
    34.076744079589844,
    26.214305877685547,
    18.70575714111328
  ],
  "step_size_path": [
    0.019999999552965164,
    0.03474188968539238,
    0.0538429394364357,
    0.076663538813591,
    0.10601704567670822,
    0.14172762632369995,
    0.18458545207977295,
    0.23518610000610352,
    0.29332399368286133,
    0.3590514659881592,
    0.42843109369277954,
    0.4904066026210785,
    0.5266395807266235
  ],
  "num_mcmc_steps": 25
}