{
  "target_name": "gaussian_mixture",
  "algorithm_name": "ps",
  "kernel_name": "mala",
  "seed": 0,
  "dimension": 10,
  "num_particles": 16,
  "logZ": -38.133995056152344,
  "posterior_mean": [
    -0.02090165764093399,
    -0.08258087188005447,
    0.19516262412071228,
    -0.14720474183559418,
    0.5541012287139893,
    -0.44760119915008545,
    -0.09532604366540909,
    0.22664698958396912,
    -0.03562098741531372,
    0.292964369058609
  ],
  "posterior_second_moment": [
    0.7121390700340271,
    0.8368792533874512,
    2.3872756958007812,
    1.1233158111572266,
    1.1165392398834229,
    0.7353130578994751,
    0.9374694228172302,
    1.4995836019515991,
    0.6564271450042725,
    1.085648775100708
  ],
  "final_ess": 36.55624008178711,
  "acceptance_rate_mean": 0.9446530387951777,
  "acceptance_rate_last": 0.6634568572044373,
  "n_iter": 13,
  "runtime_sec": 63.79979266691953,
  "tempering_path": [
    0.0003814697265625,
    0.013067172840237617,
    0.032689571380615234,
    0.058700352907180786,
    0.08358441293239594,
    0.10552260279655457,
    0.13684964179992676,
    0.18093833327293396,
    0.2441714107990265,
    0.3410719037055969,
    0.4848303496837616,
    0.7174175977706909,
    1.0
  ],
  "logZ_path": [
    -0.10627627372741699,
    -3.1424202919006348,
    -6.8842926025390625,
    -10.905306816101074,
    -14.03007984161377,
    -16.15442657470703,
    -18.196474075317383,
    -20.349285125732422,
    -22.69131088256836,
    -25.389720916748047,
    -28.827373504638672,
    -33.47490310668945,
    -38.133995056152344
  ],
  "ess_path": [
    31.992952346801758,
    35.610992431640625,
    32.999820709228516,
    35.06027603149414,
    35.47441864013672,
    37.953895568847656,
    37.66973114013672,
    37.649234771728516,
    37.393959045410156,
    35.25664520263672,
    34.97333908081055,
    36.12556838989258,
    36.55624008178711
  ],
  "acceptance_path": [
    0.9749998450279236,
    0.9874940514564514,
    0.9799389243125916,
    0.9847344756126404,
    0.9992097020149231,
    0.998551070690155,
    0.9967125654220581,
    0.9918835759162903,
    0.9839794039726257,
    0.9630261659622192,
    0.9200552701950073,
    0.8364475965499878,
    0.6634568572044373
  ],
  "elapsed_time_path": [
    7.593084583058953,
    12.336251582950354,
    16.973797125043347,
    21.77087862486951,
    26.305996167007834,
    30.831820582970977,
    35.50138529203832,
    40.706085124984384,
    45.213953542057425,
    50.242283707950264,
    54.810856542084366,
    59.41907704202458,
    63.79653758299537
  ],
  "gradient_eval_count": 5200,
  "resampling_steps": 13,
  "variance_log_weights_path": [
    0.9857910871505737,
    1.4526488780975342,
    1.8737943172454834,
    2.2382137775421143,
    2.577028274536133,
    2.896516799926758,
    3.1073477268218994,
    3.1929452419281006,
    3.1645071506500244,
    3.0608303546905518,
    2.940599203109741,
    2.848020076751709,
    2.885003089904785
  ],
  "weight_entropy_path": [
    3.465625762939453,
    3.691352367401123,
    3.6265010833740234,
    3.697490692138672,
    3.7524573802948,
    3.797196388244629,
    3.7719521522521973,
    3.7713372707366943,
    3.769850969314575,
    3.731032371520996,
    3.704911708831787,
    3.709653377532959,
    3.7510178089141846
  ],
  "esjd_path": [
    9.14700698852539,
    858.8159790039062,
    613.3328857421875,
    352.3362121582031,
    249.1767120361328,
    176.5895233154297,
    149.31947326660156,
    127.22431182861328,
    104.43304443359375,
    77.85389709472656,
    65.22969055175781,
    32.3870849609375,
    24.320880889892578
  ],
  "step_size_path": [
    0.019999999552965164,
    0.033948834985494614,
    0.0520726814866066,
    0.0741456151008606,
    0.10137122869491577,
    0.13550646603107452,
    0.17647866904735565,
    0.22497396171092987,
    0.28135567903518677,
    0.3457043468952179,
    0.415781170129776,
    0.4858960509300232,
    0.5438308715820312
  ],
  "num_mcmc_steps": 25
}