{
  "target_name": "gaussian_mixture",
  "algorithm_name": "ps",
  "kernel_name": "mala",
  "seed": 1,
  "dimension": 10,
  "num_particles": 16,
  "logZ": -35.7321662902832,
  "posterior_mean": [
    -0.0982707291841507,
    0.11197000741958618,
    -0.5519652366638184,
    0.23036758601665497,
    -0.23271429538726807,
    -0.14681455492973328,
    0.1593729853630066,
    0.13044825196266174,
    -0.7524152398109436,
    0.11898349970579147
  ],
  "posterior_second_moment": [
    1.0119595527648926,
    0.9089484810829163,
    1.117741584777832,
    0.7675909996032715,
    1.0002963542938232,
    0.4381319284439087,
    0.5880255699157715,
    0.6350418329238892,
    1.5648335218429565,
    1.2925961017608643
  ],
  "final_ess": 50.718528747558594,
  "acceptance_rate_mean": 0.9218476116657257,
  "acceptance_rate_last": 0.6336752772331238,
  "n_iter": 14,
  "runtime_sec": 67.31599245895632,
  "tempering_path": [
    0.00048828125,
    0.012283285148441792,
    0.022496957331895828,
    0.03809485584497452,
    0.06780946999788284,
    0.09532776474952698,
    0.12624917924404144,
    0.16814951598644257,
    0.2389766275882721,
    0.3412112593650818,
    0.4647240936756134,
    0.666710376739502,
    0.9405391812324524,
    1.0
  ],
  "logZ_path": [
    -0.1410524845123291,
    -3.2134387493133545,
    -5.325893402099609,
    -7.895623207092285,
    -11.628379821777344,
    -14.395788192749023,
    -16.585832595825195,
    -18.532154083251953,
    -21.125469207763672,
    -23.905990600585938,
    -26.712875366210938,
    -30.48180389404297,
    -34.92823791503906,
    -35.7321662902832
  ],
  "ess_path": [
    31.9907283782959,
    37.12237548828125,
    36.11172103881836,
    34.289615631103516,
    32.80839920043945,
    34.743560791015625,
    35.557334899902344,
    36.3749885559082,
    35.15888595581055,
    34.333072662353516,
    35.84789276123047,
    35.67607116699219,
    36.36004638671875,
    50.718528747558594
  ],
  "acceptance_path": [
    0.9599999189376831,
    0.9699953198432922,
    0.9799689054489136,
    0.9948740005493164,
    0.9994096755981445,
    0.9986677169799805,
    0.9975793361663818,
    0.9938561320304871,
    0.9847931265830994,
    0.9637581706047058,
    0.932327151298523,
    0.8383700251579285,
    0.6585918068885803,
    0.6336752772331238
  ],
  "elapsed_time_path": [
    7.656073791906238,
    12.314070833846927,
    16.973467374918982,
    21.774667833931744,
    26.3124782089144,
    30.807691416935995,
    35.57020362489857,
    40.69977645901963,
    45.29098895890638,
    50.221330208936706,
    54.72309558396228,
    59.31776670902036,
    63.767954541835934,
    67.31351279187948
  ],
  "gradient_eval_count": 5600,
  "resampling_steps": 14,
  "variance_log_weights_path": [
    0.9857900738716125,
    1.4549578428268433,
    1.9051841497421265,
    2.3067092895507812,
    2.5819664001464844,
    2.8359200954437256,
    3.025603771209717,
    3.0962772369384766,
    2.9803900718688965,
    2.879552125930786,
    2.895120859146118,
    2.8567628860473633,
    2.887695789337158,
    3.2845141887664795
  ],
  "weight_entropy_path": [
    3.4655914306640625,
    3.727731704711914,
    3.7841272354125977,
    3.6976377964019775,
    3.6314258575439453,
    3.7050225734710693,
    3.7257063388824463,
    3.7281885147094727,
    3.703897476196289,
    3.6915013790130615,
    3.7328596115112305,
    3.7254600524902344,
    3.742441415786743,
    4.0391764640808105
  ],
  "esjd_path": [
    10.568493843078613,
    855.188720703125,
    607.9295043945312,
    473.541015625,
    170.11134338378906,
    136.2303924560547,
    120.3738784790039,
    128.218994140625,
    99.37174224853516,
    80.74127960205078,
    49.50911331176758,
    31.261592864990234,
    22.563989639282227,
    18.079864501953125
  ],
  "step_size_path": [
    0.019999999552965164,
    0.03328351676464081,
    0.050136271864175797,
    0.07139024138450623,
    0.09836062788963318,
    0.13150005042552948,
    0.17127329111099243,
    0.21844689548015594,
    0.2734813988208771,
    0.3361665606498718,
    0.4044504761695862,
    0.47527384757995605,
    0.5323812365531921,
    0.5511946082115173
  ],
  "num_mcmc_steps": 25
}