{
  "target_name": "gaussian_mixture",
  "algorithm_name": "ps",
  "kernel_name": "ula",
  "seed": 4,
  "dimension": 10,
  "num_particles": 16,
  "logZ": -85.35848999023438,
  "posterior_mean": [
    1.8580853939056396,
    1.1387853622436523,
    -3.175572395324707,
    -1.6698168516159058,
    -0.4078201651573181,
    2.866974353790283,
    0.2336392104625702,
    -0.517555296421051,
    -0.20235544443130493,
    -0.24715089797973633
  ],
  "posterior_second_moment": [
    4.311758041381836,
    1.8092970848083496,
    10.97421646118164,
    3.0938704013824463,
    0.9413915872573853,
    8.68670654296875,
    0.7307096719741821,
    0.7961521744728088,
    0.5064772963523865,
    0.6350557804107666
  ],
  "final_ess": 44.71125030517578,
  "acceptance_rate_mean": NaN,
  "acceptance_rate_last": NaN,
  "n_iter": 16,
  "runtime_sec": 71.82383850007318,
  "tempering_path": [
    0.00067138671875,
    0.022127995267510414,
    0.04816166311502457,
    0.104376420378685,
    0.16359518468379974,
    0.22302387654781342,
    0.2930496335029602,
    0.3635278344154358,
    0.4320979714393616,
    0.4879990816116333,
    0.5535265207290649,
    0.6289629340171814,
    0.7387409210205078,
    0.8372712135314941,
    0.9447572231292725,
    1.0
  ],
  "logZ_path": [
    -0.15391778945922852,
    -4.626892566680908,
    -9.191936492919922,
    -17.84062957763672,
    -26.35198402404785,
    -34.20035171508789,
    -42.64463424682617,
    -50.21372604370117,
    -56.81851577758789,
    -61.346195220947266,
    -65.88072204589844,
    -70.42135620117188,
    -75.82958221435547,
    -80.03996276855469,
    -83.72799682617188,
    -85.35848999023438
  ],
  "ess_path": [
    31.992448806762695,
    36.94739532470703,
    35.20879364013672,
    34.61423873901367,
    38.07762145996094,
    37.5496711730957,
    34.95102310180664,
    36.14485168457031,
    35.5648307800293,
    36.20170593261719,
    36.12541961669922,
    36.017738342285156,
    33.472206115722656,
    36.011688232421875,
    36.048274993896484,
    44.71125030517578
  ],
  "acceptance_path": [
    NaN,
    NaN,
    NaN,
    NaN,
    NaN,
    NaN,
    NaN,
    NaN,
    NaN,
    NaN,
    NaN,
    NaN,
    NaN,
    NaN,
    NaN,
    NaN
  ],
  "elapsed_time_path": [
    7.213415208039805,
    11.835908374981955,
    16.34723937488161,
    20.562102541094646,
    24.89794975006953,
    29.03462995798327,
    33.22499404102564,
    37.79787950008176,
    42.364950832910836,
    46.94373391591944,
    51.49155958299525,
    55.67307524988428,
    59.90428812499158,
    63.825101000024006,
    67.82597758295015,
    71.82049016607925
  ],
  "gradient_eval_count": 6400,
  "resampling_steps": 16,
  "variance_log_weights_path": [
    0.9857907891273499,
    1.4532098770141602,
    1.890926480293274,
    2.228053092956543,
    2.5318946838378906,
    2.8128745555877686,
    3.0250539779663086,
    3.203981637954712,
    3.3652572631835938,
    3.5485775470733643,
    3.65502667427063,
    3.6912262439727783,
    3.547731876373291,
    3.503312587738037,
    3.4611051082611084,
    3.6926467418670654
  ],
  "weight_entropy_path": [
    3.4656171798706055,
    3.713334321975708,
    3.7238619327545166,
    3.6451430320739746,
    3.780313491821289,
    3.817823886871338,
    3.729863405227661,
    3.7398977279663086,
    3.7511467933654785,
    3.766704797744751,
    3.7486605644226074,
    3.7451984882354736,
    3.6605753898620605,
    3.7356324195861816,
    3.7492029666900635,
    3.94081449508667
  ],
  "esjd_path": [
    2.2873263359069824,
    743.864013671875,
    588.33203125,
    221.79066467285156,
    152.11631774902344,
    87.83332061767578,
    11.264153480529785,
    8.719533920288086,
    13.145434379577637,
    12.117436408996582,
    13.924416542053223,
    14.531646728515625,
    12.9301176071167,
    11.408926963806152,
    9.39992618560791,
    11.146324157714844
  ],
  "step_size_path": [
    0.004999999888241291,
    0.004999999888241291,
    0.004999999888241291,
    0.004999999888241291,
    0.004999999888241291,
    0.004999999888241291,
    0.004999999888241291,
    0.004999999888241291,
    0.004999999888241291,
    0.004999999888241291,
    0.004999999888241291,
    0.004999999888241291,
    0.004999999888241291,
    0.004999999888241291,
    0.004999999888241291,
    0.004999999888241291
  ],
  "num_mcmc_steps": 25
}