{
  "target_name": "gaussian_mixture",
  "algorithm_name": "ps",
  "kernel_name": "ula",
  "seed": 3,
  "dimension": 10,
  "num_particles": 16,
  "logZ": -68.94480895996094,
  "posterior_mean": [
    2.412813186645508,
    -0.6111902594566345,
    -2.0448105335235596,
    -1.5328394174575806,
    -0.51491779088974,
    -0.7019034624099731,
    2.3848938941955566,
    0.34455549716949463,
    0.329521507024765,
    2.589927911758423
  ],
  "posterior_second_moment": [
    6.244626522064209,
    1.0677024126052856,
    4.627629280090332,
    2.771754264831543,
    0.8481554388999939,
    0.9036306142807007,
    6.308553695678711,
    0.5761858224868774,
    0.41049066185951233,
    7.051150321960449
  ],
  "final_ess": 40.726688385009766,
  "acceptance_rate_mean": NaN,
  "acceptance_rate_last": NaN,
  "n_iter": 13,
  "runtime_sec": 59.90514170797542,
  "tempering_path": [
    0.000335693359375,
    0.011255412362515926,
    0.02427930384874344,
    0.07218246161937714,
    0.1632072925567627,
    0.30360910296440125,
    0.4112513065338135,
    0.5594626069068909,
    0.6543715000152588,
    0.7353781461715698,
    0.8173860311508179,
    0.9111450910568237,
    1.0
  ],
  "logZ_path": [
    -0.08716225624084473,
    -2.490682601928711,
    -4.5102691650390625,
    -9.614729881286621,
    -17.948083877563477,
    -29.801456451416016,
    -38.20553970336914,
    -48.69736862182617,
    -54.57204055786133,
    -58.829349517822266,
    -62.60857391357422,
    -66.11941528320312,
    -68.94480895996094
  ],
  "ess_path": [
    31.992517471313477,
    36.475547790527344,
    35.51021194458008,
    32.73604202270508,
    36.63665771484375,
    33.735633850097656,
    35.90187454223633,
    33.87801742553711,
    36.65420150756836,
    38.00360870361328,
    37.3046760559082,
    36.42802810668945,
    40.726688385009766
  ],
  "acceptance_path": [
    NaN,
    NaN,
    NaN,
    NaN,
    NaN,
    NaN,
    NaN,
    NaN,
    NaN,
    NaN,
    NaN,
    NaN,
    NaN
  ],
  "elapsed_time_path": [
    7.20680704084225,
    11.851040999870747,
    16.258840332971886,
    20.500247624935582,
    24.88905637501739,
    28.94112650002353,
    33.153878999873996,
    37.702791957883164,
    42.3086997079663,
    46.94536933279596,
    51.471316708019,
    55.71621916582808,
    59.90201920783147
  ],
  "gradient_eval_count": 5200,
  "resampling_steps": 13,
  "variance_log_weights_path": [
    0.9857907891273499,
    1.4529650211334229,
    1.8905808925628662,
    2.127676248550415,
    2.176665782928467,
    2.209287643432617,
    2.472604990005493,
    2.7091081142425537,
    3.010681390762329,
    3.304295778274536,
    3.5519893169403076,
    3.7144036293029785,
    3.8580451011657715
  ],
  "weight_entropy_path": [
    3.46561861038208,
    3.7079169750213623,
    3.724276542663574,
    3.561302900314331,
    3.698079824447632,
    3.6841306686401367,
    3.745182991027832,
    3.681633949279785,
    3.761028528213501,
    3.809234142303467,
    3.8029136657714844,
    3.7637577056884766,
    3.838172674179077
  ],
  "esjd_path": [
    2.5429513454437256,
    781.0283203125,
    551.035888671875,
    265.0122375488281,
    64.28291320800781,
    11.539420127868652,
    10.529894828796387,
    11.734314918518066,
    8.920095443725586,
    14.505328178405762,
    13.12993335723877,
    12.399849891662598,
    11.24484634399414
  ],
  "step_size_path": [
    0.004999999888241291,
    0.004999999888241291,
    0.004999999888241291,
    0.004999999888241291,
    0.004999999888241291,
    0.004999999888241291,
    0.004999999888241291,
    0.004999999888241291,
    0.004999999888241291,
    0.004999999888241291,
    0.004999999888241291,
    0.004999999888241291,
    0.004999999888241291
  ],
  "num_mcmc_steps": 25
}