{
  "target_name": "gaussian_mixture",
  "algorithm_name": "ps",
  "kernel_name": "ula",
  "seed": 1,
  "dimension": 10,
  "num_particles": 16,
  "logZ": -96.28345489501953,
  "posterior_mean": [
    0.2133079171180725,
    -1.4274786710739136,
    -2.083082914352417,
    -2.267921209335327,
    -3.3619942665100098,
    0.5587455034255981,
    1.9061223268508911,
    1.065241813659668,
    1.7185651063919067,
    -0.8248478174209595
  ],
  "posterior_second_moment": [
    0.8203710913658142,
    3.89593243598938,
    4.648340225219727,
    6.161697864532471,
    12.024600982666016,
    2.1156394481658936,
    4.22920560836792,
    1.9173840284347534,
    3.3182594776153564,
    1.8947275876998901
  ],
  "final_ess": 37.84133529663086,
  "acceptance_rate_mean": NaN,
  "acceptance_rate_last": NaN,
  "n_iter": 16,
  "runtime_sec": 71.69229754200205,
  "tempering_path": [
    0.00048828125,
    0.014808334410190582,
    0.028657330200076103,
    0.061524033546447754,
    0.12376594543457031,
    0.18884573876857758,
    0.2820957899093628,
    0.3377082943916321,
    0.39547792077064514,
    0.4604721665382385,
    0.5316548347473145,
    0.6209988594055176,
    0.7270030379295349,
    0.8172966241836548,
    0.9079290628433228,
    1.0
  ],
  "logZ_path": [
    -0.1410524845123291,
    -3.9139304161071777,
    -6.9433274269104,
    -12.807465553283691,
    -22.563047409057617,
    -32.02544021606445,
    -44.510799407958984,
    -51.25210189819336,
    -57.685611724853516,
    -63.99674606323242,
    -70.0237808227539,
    -76.8304443359375,
    -83.73836517333984,
    -88.7779541015625,
    -92.87242126464844,
    -96.28345489501953
  ],
  "ess_path": [
    31.992616653442383,
    36.31932067871094,
    35.04707717895508,
    32.54961395263672,
    35.39106750488281,
    36.363319396972656,
    33.90959930419922,
    38.42539978027344,
    37.51420211791992,
    36.35687255859375,
    36.65871810913086,
    36.39340591430664,
    35.762699127197266,
    36.52291488647461,
    36.3191032409668,
    37.84133529663086
  ],
  "acceptance_path": [
    NaN,
    NaN,
    NaN,
    NaN,
    NaN,
    NaN,
    NaN,
    NaN,
    NaN,
    NaN,
    NaN,
    NaN,
    NaN,
    NaN,
    NaN,
    NaN
  ],
  "elapsed_time_path": [
    7.20992708299309,
    11.784227167023346,
    16.211821916978806,
    20.396377832861617,
    24.741259541828185,
    28.90535316686146,
    33.13121633301489,
    37.68217295780778,
    42.24965270794928,
    46.84909858298488,
    51.41499870782718,
    55.60668495786376,
    59.80326466681436,
    63.67830349993892,
    67.7652932498604,
    71.68943000002764
  ],
  "gradient_eval_count": 6400,
  "resampling_steps": 16,
  "variance_log_weights_path": [
    0.9857908487319946,
    1.4535917043685913,
    1.8971936702728271,
    2.234952449798584,
    2.404315710067749,
    2.5673577785491943,
    2.6399052143096924,
    2.898346185684204,
    3.14455246925354,
    3.3414764404296875,
    3.4958484172821045,
    3.54152250289917,
    3.4944424629211426,
    3.516692876815796,
    3.5277998447418213,
    3.5512285232543945
  ],
  "weight_entropy_path": [
    3.465620517730713,
    3.70843505859375,
    3.737062931060791,
    3.5838212966918945,
    3.6766836643218994,
    3.7527334690093994,
    3.675494432449341,
    3.8038330078125,
    3.811228036880493,
    3.7544260025024414,
    3.7542686462402344,
    3.738959550857544,
    3.7242541313171387,
    3.758096218109131,
    3.7483744621276855,
    3.7771503925323486
  ],
  "esjd_path": [
    2.268216133117676,
    942.6615600585938,
    761.8154296875,
    481.6816101074219,
    54.390872955322266,
    14.017820358276367,
    10.954891204833984,
    13.645854949951172,
    21.122146606445312,
    15.792177200317383,
    12.255537986755371,
    13.466134071350098,
    17.1158447265625,
    24.709182739257812,
    18.56249237060547,
    17.484394073486328
  ],
  "step_size_path": [
    0.004999999888241291,
    0.004999999888241291,
    0.004999999888241291,
    0.004999999888241291,
    0.004999999888241291,
    0.004999999888241291,
    0.004999999888241291,
    0.004999999888241291,
    0.004999999888241291,
    0.004999999888241291,
    0.004999999888241291,
    0.004999999888241291,
    0.004999999888241291,
    0.004999999888241291,
    0.004999999888241291,
    0.004999999888241291
  ],
  "num_mcmc_steps": 25
}