{
  "target_name": "gaussian_mixture",
  "algorithm_name": "ps",
  "kernel_name": "ula",
  "seed": 0,
  "dimension": 10,
  "num_particles": 16,
  "logZ": -91.4161376953125,
  "posterior_mean": [
    -1.7659661769866943,
    -0.41784122586250305,
    3.3444905281066895,
    -1.1056596040725708,
    -0.3300281763076782,
    -1.9052053689956665,
    2.7678422927856445,
    0.7680698037147522,
    0.41816842555999756,
    1.6714086532592773
  ],
  "posterior_second_moment": [
    3.6919891834259033,
    1.0595383644104004,
    11.612693786621094,
    2.069244623184204,
    1.2532551288604736,
    4.07676887512207,
    8.612699508666992,
    1.2463226318359375,
    1.3900126218795776,
    3.581418752670288
  ],
  "final_ess": 52.68381118774414,
  "acceptance_rate_mean": NaN,
  "acceptance_rate_last": NaN,
  "n_iter": 15,
  "runtime_sec": 67.87399641610682,
  "tempering_path": [
    0.0003814697265625,
    0.013518087565898895,
    0.039765920490026474,
    0.0969453901052475,
    0.14795029163360596,
    0.25682273507118225,
    0.355106383562088,
    0.4210609793663025,
    0.4817013442516327,
    0.55025315284729,
    0.6560880541801453,
    0.7624375224113464,
    0.8649573922157288,
    0.9905872344970703,
    1.0
  ],
  "logZ_path": [
    -0.10627627372741699,
    -3.2668588161468506,
    -7.958348274230957,
    -16.760723114013672,
    -23.96878433227539,
    -38.18574905395508,
    -49.937129974365234,
    -56.97169876098633,
    -62.63886642456055,
    -68.1537094116211,
    -75.44436645507812,
    -81.48072814941406,
    -86.33460998535156,
    -91.27732849121094,
    -91.4161376953125
  ],
  "ess_path": [
    31.99260139465332,
    35.07122039794922,
    31.88739013671875,
    31.65125846862793,
    35.66874694824219,
    33.49922180175781,
    33.772705078125,
    35.48057174682617,
    37.26160430908203,
    35.903499603271484,
    33.75390625,
    34.504634857177734,
    35.49028396606445,
    35.90992736816406,
    52.68381118774414
  ],
  "acceptance_path": [
    NaN,
    NaN,
    NaN,
    NaN,
    NaN,
    NaN,
    NaN,
    NaN,
    NaN,
    NaN,
    NaN,
    NaN,
    NaN,
    NaN,
    NaN
  ],
  "elapsed_time_path": [
    7.169375750003383,
    11.844305458012968,
    16.275475749978796,
    20.571449916111305,
    24.86305212508887,
    28.975307875080034,
    33.20986575004645,
    37.74352216604166,
    42.35975187504664,
    47.0006290411111,
    51.50806845794432,
    55.70107116596773,
    59.9009096249938,
    63.795395290944725,
    67.87130395811982
  ],
  "gradient_eval_count": 6000,
  "resampling_steps": 15,
  "variance_log_weights_path": [
    0.9857907891273499,
    1.4513136148452759,
    1.8468998670578003,
    2.0956621170043945,
    2.36232852935791,
    2.436720848083496,
    2.61999773979187,
    2.9049956798553467,
    3.172992467880249,
    3.3688864707946777,
    3.35103178024292,
    3.3106985092163086,
    3.2986514568328857,
    3.224203586578369,
    3.653210163116455
  ],
  "weight_entropy_path": [
    3.465620517730713,
    3.6748428344726562,
    3.5536551475524902,
    3.5964620113372803,
    3.7167186737060547,
    3.6417794227600098,
    3.6867685317993164,
    3.7402420043945312,
    3.7684288024902344,
    3.7445497512817383,
    3.6441431045532227,
    3.683755397796631,
    3.71392560005188,
    3.7114009857177734,
    4.051456451416016
  ],
  "esjd_path": [
    2.351295232772827,
    813.7642211914062,
    599.353759765625,
    298.8674621582031,
    151.77032470703125,
    77.54528045654297,
    15.540087699890137,
    13.79924201965332,
    14.312318801879883,
    13.514068603515625,
    11.415660858154297,
    13.11184024810791,
    11.335824012756348,
    10.379027366638184,
    14.676827430725098
  ],
  "step_size_path": [
    0.004999999888241291,
    0.004999999888241291,
    0.004999999888241291,
    0.004999999888241291,
    0.004999999888241291,
    0.004999999888241291,
    0.004999999888241291,
    0.004999999888241291,
    0.004999999888241291,
    0.004999999888241291,
    0.004999999888241291,
    0.004999999888241291,
    0.004999999888241291,
    0.004999999888241291,
    0.004999999888241291
  ],
  "num_mcmc_steps": 25
}