{
  "target_name": "gaussian_mixture",
  "algorithm_name": "ps",
  "kernel_name": "ula",
  "seed": 2,
  "dimension": 10,
  "num_particles": 16,
  "logZ": -88.62007904052734,
  "posterior_mean": [
    -2.27647066116333,
    -0.2378174215555191,
    -0.40877842903137207,
    -2.5544466972351074,
    -1.5913532972335815,
    -1.2249144315719604,
    0.5104684233665466,
    -1.2527605295181274,
    -0.1586359292268753,
    -0.412702739238739
  ],
  "posterior_second_moment": [
    5.792723178863525,
    0.8407343029975891,
    0.8297550082206726,
    7.174746513366699,
    3.3884551525115967,
    2.5129642486572266,
    1.0318498611450195,
    2.223787784576416,
    0.5856689214706421,
    0.7670042514801025
  ],
  "final_ess": 45.69068908691406,
  "acceptance_rate_mean": NaN,
  "acceptance_rate_last": NaN,
  "n_iter": 17,
  "runtime_sec": 75.36075395904481,
  "tempering_path": [
    0.0003662109375,
    0.016980759799480438,
    0.06993713974952698,
    0.12425916641950607,
    0.1717069298028946,
    0.2371503710746765,
    0.3041045665740967,
    0.3562946021556854,
    0.40507638454437256,
    0.44843655824661255,
    0.4944268465042114,
    0.5521848201751709,
    0.6229144334793091,
    0.721236526966095,
    0.8333612680435181,
    0.9443147778511047,
    1.0
  ],
  "logZ_path": [
    -0.10449695587158203,
    -4.046932220458984,
    -13.948570251464844,
    -23.361019134521484,
    -30.85611343383789,
    -40.472232818603516,
    -49.54341506958008,
    -55.91810989379883,
    -61.224918365478516,
    -65.32002258300781,
    -68.8924331665039,
    -72.6170883178711,
    -76.2716064453125,
    -80.38737487792969,
    -84.30091857910156,
    -87.33777618408203,
    -88.62007904052734
  ],
  "ess_path": [
    31.99186134338379,
    35.00973129272461,
    32.45935821533203,
    35.60057067871094,
    37.58089828491211,
    34.68220901489258,
    34.51527404785156,
    37.13054275512695,
    38.068050384521484,
    38.26603317260742,
    36.672393798828125,
    35.93218994140625,
    35.88922882080078,
    34.17179489135742,
    35.533077239990234,
    36.86048126220703,
    45.69068908691406
  ],
  "acceptance_path": [
    NaN,
    NaN,
    NaN,
    NaN,
    NaN,
    NaN,
    NaN,
    NaN,
    NaN,
    NaN,
    NaN,
    NaN,
    NaN,
    NaN,
    NaN,
    NaN,
    NaN
  ],
  "elapsed_time_path": [
    7.1711411671712995,
    11.828333959216252,
    16.308603417128325,
    20.521373959025368,
    24.84541662503034,
    29.025300750043243,
    33.217670125188306,
    37.76975616719574,
    42.36563620902598,
    46.89852379215881,
    51.432156667113304,
    55.643086792202666,
    59.902000167174265,
    63.79940695920959,
    67.81941475020722,
    71.83605679217726,
    75.35817850008607
  ],
  "gradient_eval_count": 6800,
  "resampling_steps": 17,
  "variance_log_weights_path": [
    0.985790491104126,
    1.4461921453475952,
    1.7892283201217651,
    2.1114370822906494,
    2.442734718322754,
    2.7067911624908447,
    2.9491031169891357,
    3.220410108566284,
    3.474898099899292,
    3.7137250900268555,
    3.887707233428955,
    3.9309182167053223,
    3.850127935409546,
    3.5991194248199463,
    3.386890172958374,
    3.328202724456787,
    3.5745840072631836
  ],
  "weight_entropy_path": [
    3.4656083583831787,
    3.6477439403533936,
    3.578579902648926,
    3.717658042907715,
    3.8010997772216797,
    3.729602336883545,
    3.7140023708343506,
    3.7812623977661133,
    3.815743923187256,
    3.8323187828063965,
    3.7875919342041016,
    3.7384109497070312,
    3.7341673374176025,
    3.6851022243499756,
    3.717729091644287,
    3.7707436084747314,
    3.9608852863311768
  ],
  "esjd_path": [
    89.86112976074219,
    780.8418579101562,
    692.62158203125,
    615.7857666015625,
    302.12921142578125,
    108.1443099975586,
    187.001708984375,
    142.9117889404297,
    55.823829650878906,
    148.09303283691406,
    26.364498138427734,
    37.35136413574219,
    7.814573287963867,
    11.78177547454834,
    9.434473991394043,
    11.490402221679688,
    12.80644416809082
  ],
  "step_size_path": [
    0.004999999888241291,
    0.004999999888241291,
    0.004999999888241291,
    0.004999999888241291,
    0.004999999888241291,
    0.004999999888241291,
    0.004999999888241291,
    0.004999999888241291,
    0.004999999888241291,
    0.004999999888241291,
    0.004999999888241291,
    0.004999999888241291,
    0.004999999888241291,
    0.004999999888241291,
    0.004999999888241291,
    0.004999999888241291,
    0.004999999888241291
  ],
  "num_mcmc_steps": 25
}