{
  "target_name": "gaussian_mixture",
  "algorithm_name": "ps",
  "kernel_name": "rwm",
  "seed": 3,
  "dimension": 10,
  "num_particles": 16,
  "logZ": -22.231914520263672,
  "posterior_mean": [
    0.22851578891277313,
    0.00810605101287365,
    0.2551514506340027,
    -0.2699488401412964,
    -0.05487584322690964,
    0.3091408908367157,
    -0.29649221897125244,
    0.3014429211616516,
    0.14255043864250183,
    -0.009289112873375416
  ],
  "posterior_second_moment": [
    0.7156009078025818,
    0.25030750036239624,
    0.43024247884750366,
    0.5384387373924255,
    0.20086708664894104,
    0.42829325795173645,
    0.2821459174156189,
    0.4464525878429413,
    0.4646981358528137,
    0.17774136364459991
  ],
  "final_ess": 47.618751525878906,
  "acceptance_rate_mean": 0.2614166753159629,
  "acceptance_rate_last": 0.22915585339069366,
  "n_iter": 9,
  "runtime_sec": 40.265775416977704,
  "tempering_path": [
    0.000335693359375,
    0.015950681641697884,
    0.03305509686470032,
    0.05676727741956711,
    0.10077981650829315,
    0.1821865737438202,
    0.3811991512775421,
    0.7946521043777466,
    1.0
  ],
  "logZ_path": [
    -0.08716225624084473,
    -2.895052194595337,
    -4.878387451171875,
    -6.667882919311523,
    -8.529537200927734,
    -10.417062759399414,
    -13.821168899536133,
    -19.507604598999023,
    -22.231914520263672
  ],
  "ess_path": [
    31.9936580657959,
    34.55842590332031,
    36.144710540771484,
    36.72407913208008,
    34.55141067504883,
    36.45741271972656,
    35.73891067504883,
    35.68999481201172,
    47.618751525878906
  ],
  "acceptance_path": [
    0.4816634953022003,
    0.19393934309482574,
    0.20145398378372192,
    0.20295335352420807,
    0.26766857504844666,
    0.3237534165382385,
    0.22655636072158813,
    0.22560569643974304,
    0.22915585339069366
  ],
  "elapsed_time_path": [
    6.707086874870583,
    10.995573208900169,
    15.11065391683951,
    19.12294662487693,
    23.283892499981448,
    27.333435916807503,
    31.52979129180312,
    35.7504812090192,
    40.26186633389443
  ],
  "gradient_eval_count": 0,
  "resampling_steps": 9,
  "variance_log_weights_path": [
    0.9857911467552185,
    1.4479594230651855,
    1.877048373222351,
    2.250293254852295,
    2.4803667068481445,
    2.5072102546691895,
    2.3014886379241943,
    2.215068817138672,
    2.5480382442474365
  ],
  "weight_entropy_path": [
    3.4656362533569336,
    3.6543335914611816,
    3.7115423679351807,
    3.7391815185546875,
    3.6562750339508057,
    3.691518783569336,
    3.6788315773010254,
    3.693585157394409,
    3.9545304775238037
  ],
  "esjd_path": [
    768.70654296875,
    574.997802734375,
    389.95989990234375,
    216.3765869140625,
    107.446044921875,
    50.96254348754883,
    24.0199031829834,
    13.529720306396484,
    9.150588035583496
  ],
  "step_size_path": [
    1.0,
    1.386515736579895,
    1.3302257061004639,
    1.2930654287338257,
    1.262854814529419,
    1.2922122478485107,
    1.3664355278015137,
    1.3606061935424805,
    1.3545076847076416
  ],
  "num_mcmc_steps": 25
}