{
  "target_name": "gaussian_mixture",
  "algorithm_name": "ps",
  "kernel_name": "rwm",
  "seed": 1,
  "dimension": 10,
  "num_particles": 16,
  "logZ": -23.903541564941406,
  "posterior_mean": [
    -0.1946982443332672,
    0.0789717361330986,
    -0.19408103823661804,
    -0.049585405737161636,
    0.06307734549045563,
    0.07250461727380753,
    -0.027714911848306656,
    -0.08161573857069016,
    -0.06848694384098053,
    0.005480144172906876
  ],
  "posterior_second_moment": [
    0.6991758346557617,
    0.18400485813617706,
    0.4134507477283478,
    0.23501631617546082,
    0.23958085477352142,
    0.1755525767803192,
    0.6474166512489319,
    0.4979344308376312,
    0.37426918745040894,
    0.29694294929504395
  ],
  "final_ess": 44.911865234375,
  "acceptance_rate_mean": 0.28025836249192554,
  "acceptance_rate_last": 0.29859045147895813,
  "n_iter": 9,
  "runtime_sec": 40.25682062492706,
  "tempering_path": [
    0.00048828125,
    0.013119248673319817,
    0.03453446924686432,
    0.0556083582341671,
    0.10849405825138092,
    0.21484467387199402,
    0.38571083545684814,
    0.7832140922546387,
    1.0
  ],
  "logZ_path": [
    -0.1410524845123291,
    -2.6387667655944824,
    -5.407917499542236,
    -7.106717109680176,
    -9.501693725585938,
    -12.233453750610352,
    -15.769144058227539,
    -21.17304039001465,
    -23.903541564941406
  ],
  "ess_path": [
    31.98744773864746,
    36.19451904296875,
    34.12100601196289,
    36.76234817504883,
    33.57855987548828,
    35.696964263916016,
    35.28797912597656,
    32.86687088012695,
    44.911865234375
  ],
  "acceptance_path": [
    0.4011222720146179,
    0.3086805045604706,
    0.1830722987651825,
    0.20419886708259583,
    0.22645719349384308,
    0.27966171503067017,
    0.27340030670166016,
    0.34714165329933167,
    0.29859045147895813
  ],
  "elapsed_time_path": [
    6.6658283330034465,
    10.984913874883205,
    15.120767957996577,
    19.152956125093624,
    23.254938333062455,
    27.325068166013807,
    31.56571029103361,
    35.81547537492588,
    40.25340012507513
  ],
  "gradient_eval_count": 0,
  "resampling_steps": 9,
  "variance_log_weights_path": [
    0.9857886433601379,
    1.4516925811767578,
    1.8648014068603516,
    2.2420735359191895,
    2.400329351425171,
    2.312164306640625,
    2.272998571395874,
    2.1938908100128174,
    2.5088133811950684
  ],
  "weight_entropy_path": [
    3.4655394554138184,
    3.69052791595459,
    3.6502327919006348,
    3.735725164413452,
    3.5995020866394043,
    3.671111583709717,
    3.6908514499664307,
    3.57570219039917,
    3.868161201477051
  ],
  "esjd_path": [
    936.9150390625,
    583.3826293945312,
    401.4456481933594,
    194.4525909423828,
    105.38743591308594,
    53.590065002441406,
    32.077362060546875,
    12.666293144226074,
    9.517550468444824
  ],
  "step_size_path": [
    1.0,
    1.2467237710952759,
    1.3468666076660156,
    1.2884575128555298,
    1.259548544883728,
    1.2530806064605713,
    1.2891955375671387,
    1.318701982498169,
    1.401014804840088
  ],
  "num_mcmc_steps": 25
}