{
  "target_name": "gaussian_mixture",
  "algorithm_name": "ps",
  "kernel_name": "rwm",
  "seed": 0,
  "dimension": 10,
  "num_particles": 16,
  "logZ": -23.204273223876953,
  "posterior_mean": [
    0.007678680121898651,
    -0.031179964542388916,
    0.4174286723136902,
    0.015107410028576851,
    -0.35210371017456055,
    -0.3053968846797943,
    0.12993896007537842,
    0.09373495727777481,
    0.13153204321861267,
    -0.3147401213645935
  ],
  "posterior_second_moment": [
    0.37915754318237305,
    0.2258983552455902,
    0.48631352186203003,
    0.39421579241752625,
    0.29755356907844543,
    0.1928793042898178,
    0.5797842741012573,
    0.2338927835226059,
    0.5645376443862915,
    0.29869693517684937
  ],
  "final_ess": 43.02989196777344,
  "acceptance_rate_mean": 0.2587899367014567,
  "acceptance_rate_last": 0.3133752644062042,
  "n_iter": 9,
  "runtime_sec": 40.317492875037715,
  "tempering_path": [
    0.0003814697265625,
    0.01294991560280323,
    0.031435638666152954,
    0.061854761093854904,
    0.11562174558639526,
    0.1911371946334839,
    0.35790589451789856,
    0.7072875499725342,
    1.0
  ],
  "logZ_path": [
    -0.10627627372741699,
    -2.244602680206299,
    -4.222188472747803,
    -6.326606273651123,
    -8.895204544067383,
    -10.913525581359863,
    -14.029279708862305,
    -19.411209106445312,
    -23.204273223876953
  ],
  "ess_path": [
    31.990123748779297,
    35.74047088623047,
    34.02218246459961,
    36.02833557128906,
    35.67338562011719,
    35.72900390625,
    35.488685607910156,
    35.71552658081055,
    43.02989196777344
  ],
  "acceptance_path": [
    0.4988965094089508,
    0.2926740348339081,
    0.1635662019252777,
    0.14709115028381348,
    0.20840276777744293,
    0.27987751364707947,
    0.21616564691066742,
    0.20906034111976624,
    0.3133752644062042
  ],
  "elapsed_time_path": [
    6.66488229110837,
    10.890145000070333,
    15.046521708136424,
    19.125294083030894,
    23.24669420812279,
    27.3025517500937,
    31.54000495816581,
    35.78406379115768,
    40.31372475018725
  ],
  "gradient_eval_count": 0,
  "resampling_steps": 9,
  "variance_log_weights_path": [
    0.9857897758483887,
    1.4500378370285034,
    1.8695234060287476,
    2.2068331241607666,
    2.406298875808716,
    2.5093040466308594,
    2.4232003688812256,
    2.320960760116577,
    2.5082199573516846
  ],
  "weight_entropy_path": [
    3.465580940246582,
    3.675948143005371,
    3.661712169647217,
    3.6864778995513916,
    3.7023491859436035,
    3.689035654067993,
    3.6714954376220703,
    3.680879592895508,
    3.8571205139160156
  ],
  "esjd_path": [
    841.4541015625,
    416.042724609375,
    459.4569091796875,
    246.86270141601562,
    119.7091064453125,
    45.47221374511719,
    34.493804931640625,
    16.26926040649414,
    9.601545333862305
  ],
  "step_size_path": [
    1.0,
    1.4184050559997559,
    1.5071719884872437,
    1.4175341129302979,
    1.3267616033554077,
    1.303782343864441,
    1.341538667678833,
    1.3278672695159912,
    1.3102623224258423
  ],
  "num_mcmc_steps": 25
}