{
  "target_name": "gaussian_mixture",
  "algorithm_name": "ps",
  "kernel_name": "rwm",
  "seed": 4,
  "dimension": 10,
  "num_particles": 16,
  "logZ": -24.604270935058594,
  "posterior_mean": [
    0.18141379952430725,
    0.2134624719619751,
    -0.10747270286083221,
    -0.3068434000015259,
    0.2385287880897522,
    0.23807276785373688,
    0.030069436877965927,
    -0.12482981383800507,
    -0.056567370891571045,
    0.1973019391298294
  ],
  "posterior_second_moment": [
    0.5071144700050354,
    0.33461710810661316,
    0.38261476159095764,
    0.2401009202003479,
    0.4795023202896118,
    0.19714555144309998,
    0.12751120328903198,
    0.10019305348396301,
    0.5673040747642517,
    0.5676326155662537
  ],
  "final_ess": 43.25865173339844,
  "acceptance_rate_mean": 0.25068285233444637,
  "acceptance_rate_last": 0.2807601988315582,
  "n_iter": 9,
  "runtime_sec": 30.378976334119216,
  "tempering_path": [
    0.00067138671875,
    0.021826837211847305,
    0.04312586411833763,
    0.08735515177249908,
    0.13897481560707092,
    0.2563121020793915,
    0.49604523181915283,
    0.7515599131584167,
    1.0
  ],
  "logZ_path": [
    -0.15391778945922852,
    -3.454371690750122,
    -5.5575642585754395,
    -8.072378158569336,
    -9.960033416748047,
    -12.838972091674805,
    -17.511938095092773,
    -21.345809936523438,
    -24.604270935058594
  ],
  "ess_path": [
    31.987546920776367,
    34.02582550048828,
    36.120731353759766,
    32.60326385498047,
    36.70791244506836,
    35.80218505859375,
    33.826622009277344,
    36.64773941040039,
    43.25865173339844
  ],
  "acceptance_path": [
    0.5704975128173828,
    0.1719023883342743,
    0.15658704936504364,
    0.212839737534523,
    0.19225728511810303,
    0.25040072202682495,
    0.19596722722053528,
    0.22493354976177216,
    0.2807601988315582
  ],
  "elapsed_time_path": [
    3.45116245909594,
    6.802115834085271,
    10.125367375090718,
    13.496798125095665,
    16.837376167066395,
    20.16976479208097,
    23.589758875081316,
    27.021433874964714,
    30.376161041902378
  ],
  "gradient_eval_count": 0,
  "resampling_steps": 9,
  "variance_log_weights_path": [
    0.9857887029647827,
    1.4471882581710815,
    1.8746896982192993,
    2.186417579650879,
    2.4328205585479736,
    2.429652452468872,
    2.3236892223358154,
    2.451540231704712,
    2.6929421424865723
  ],
  "weight_entropy_path": [
    3.465540647506714,
    3.6357016563415527,
    3.7049362659454346,
    3.602640390396118,
    3.706028461456299,
    3.686371326446533,
    3.649315357208252,
    3.72495698928833,
    3.8707070350646973
  ],
  "esjd_path": [
    698.378662109375,
    469.3783264160156,
    292.3911437988281,
    139.13763427734375,
    103.77921295166016,
    45.19711685180664,
    23.30329132080078,
    14.577126502990723,
    10.562673568725586
  ],
  "step_size_path": [
    1.0,
    1.5589478015899658,
    1.4619441032409668,
    1.36666738986969,
    1.3448231220245361,
    1.3070473670959473,
    1.320454716682434,
    1.2919232845306396,
    1.2856700420379639
  ],
  "num_mcmc_steps": 25
}