{
  "target_name": "gaussian_mixture",
  "algorithm_name": "ps",
  "kernel_name": "rwm",
  "seed": 2,
  "dimension": 10,
  "num_particles": 16,
  "logZ": -23.94263458251953,
  "posterior_mean": [
    -0.12888075411319733,
    -0.03857048973441124,
    0.1198163777589798,
    -0.17305153608322144,
    0.08621188998222351,
    0.012128729373216629,
    -0.12261351197957993,
    -0.0072887251153588295,
    0.059239424765110016,
    0.0002890685573220253
  ],
  "posterior_second_moment": [
    0.27614039182662964,
    0.3493238389492035,
    0.6405921578407288,
    0.5816912651062012,
    0.20208632946014404,
    0.42753735184669495,
    0.12762200832366943,
    0.260959655046463,
    0.10222285240888596,
    0.09711804986000061
  ],
  "final_ess": 50.28096008300781,
  "acceptance_rate_mean": 0.26039317548274993,
  "acceptance_rate_last": 0.365786075592041,
  "n_iter": 10,
  "runtime_sec": 43.74156550015323,
  "tempering_path": [
    0.0003662109375,
    0.015045510604977608,
    0.03739582747220993,
    0.06577704846858978,
    0.11452952772378922,
    0.1963263750076294,
    0.32258710265159607,
    0.5259267091751099,
    0.8786460757255554,
    1.0
  ],
  "logZ_path": [
    -0.10449695587158203,
    -2.767009973526001,
    -5.313426494598389,
    -7.105981349945068,
    -8.988786697387695,
    -11.421716690063477,
    -14.180497169494629,
    -17.607755661010742,
    -22.408782958984375,
    -23.94263458251953
  ],
  "ess_path": [
    31.99110221862793,
    35.50413131713867,
    33.907012939453125,
    35.18001937866211,
    35.76762390136719,
    36.00404357910156,
    35.50028610229492,
    35.9798583984375,
    36.48628616333008,
    50.28096008300781
  ],
  "acceptance_path": [
    0.4788694679737091,
    0.24782389402389526,
    0.19483758509159088,
    0.24483142793178558,
    0.2506721019744873,
    0.1569623202085495,
    0.20815347135066986,
    0.21529288589954376,
    0.2407025247812271,
    0.365786075592041
  ],
  "elapsed_time_path": [
    6.7019049159716815,
    10.985369583126158,
    15.05236266599968,
    19.090687916148454,
    23.168792458018288,
    27.20576150016859,
    31.49726862506941,
    35.66429558303207,
    40.15807508304715,
    43.73864320805296
  ],
  "gradient_eval_count": 0,
  "resampling_steps": 10,
  "variance_log_weights_path": [
    0.9857900142669678,
    1.4475096464157104,
    1.8577792644500732,
    2.20400071144104,
    2.4219722747802734,
    2.505542755126953,
    2.5430660247802734,
    2.5715856552124023,
    2.585709810256958,
    2.9396884441375732
  ],
  "weight_entropy_path": [
    3.4655961990356445,
    3.6625540256500244,
    3.654905319213867,
    3.675966739654541,
    3.688258171081543,
    3.711395263671875,
    3.7083096504211426,
    3.708498001098633,
    3.7145721912384033,
    3.999724864959717
  ],
  "esjd_path": [
    823.9772338867188,
    510.4211120605469,
    387.5890197753906,
    177.31719970703125,
    114.69329071044922,
    81.38063049316406,
    40.1300163269043,
    26.963998794555664,
    11.78319263458252,
    9.293898582458496
  ],
  "step_size_path": [
    1.0,
    1.381413459777832,
    1.4013118743896484,
    1.3543423414230347,
    1.3655587434768677,
    1.381187081336975,
    1.3165384531021118,
    1.2971389293670654,
    1.2842175960540771,
    1.2885490655899048
  ],
  "num_mcmc_steps": 25
}