{
  "target_name": "gaussian_mixture",
  "algorithm_name": "ps",
  "kernel_name": "hmc",
  "dimension": 10,
  "num_particles": 16,
  "num_mcmc_steps": 25,
  "num_completed_runs": 5,
  "completed_seeds": [
    0,
    1,
    2,
    3,
    4
  ],
  "raw_result_paths": [
    "/Users/makskoncilja/Documents/fmf/druga_stopnja/magistrska/project/data/results/raw/gaussian_mixture/D_10/N_16/MCMC_25/hmc/seed_0.json",
    "/Users/makskoncilja/Documents/fmf/druga_stopnja/magistrska/project/data/results/raw/gaussian_mixture/D_10/N_16/MCMC_25/hmc/seed_1.json",
    "/Users/makskoncilja/Documents/fmf/druga_stopnja/magistrska/project/data/results/raw/gaussian_mixture/D_10/N_16/MCMC_25/hmc/seed_2.json",
    "/Users/makskoncilja/Documents/fmf/druga_stopnja/magistrska/project/data/results/raw/gaussian_mixture/D_10/N_16/MCMC_25/hmc/seed_3.json",
    "/Users/makskoncilja/Documents/fmf/druga_stopnja/magistrska/project/data/results/raw/gaussian_mixture/D_10/N_16/MCMC_25/hmc/seed_4.json"
  ],
  "logZ_mean": -34.661354064941406,
  "logZ_std": 1.7376327597242567,
  "final_ess_mean": 41.28820266723633,
  "final_ess_std": 3.3692907187422088,
  "acceptance_rate_mean_mean": 0.9180946505106575,
  "acceptance_rate_mean_std": 0.029309311557188165,
  "acceptance_rate_last_mean": 0.34134749229997396,
  "acceptance_rate_last_std": 0.324240041270534,
  "n_iter_mean": 13.0,
  "n_iter_std": 0.7071067811865476,
  "runtime_sec_mean": 58.92632785849273,
  "runtime_sec_std": 6.018724159310595,
  "gradient_eval_count_mean": 52000.0,
  "gradient_eval_count_std": 2828.42712474619,
  "resampling_steps_mean": 13.0,
  "resampling_steps_std": 0.7071067811865476,
  "posterior_mean_mean": [
    0.5412771388888359,
    0.7014526516199112,
    0.6760668154805899,
    0.7100226774811744,
    0.5139274232089519,
    0.5139677807688713,
    0.5789891071617603,
    0.7627405289560556,
    0.5287376552820205,
    0.5810165330767632
  ],
  "posterior_mean_std": [
    1.373580086546954,
    1.3296212183080995,
    1.1851408369119443,
    1.378014692038669,
    1.4010400698419956,
    1.2052475490610126,
    1.2989316085231282,
    1.3219412993715696,
    1.3046861723575416,
    1.3404412551527578
  ],
  "posterior_second_moment_mean": [
    2.8051932096481322,
    2.804307496547699,
    2.875854825973511,
    3.1136761784553526,
    3.1762661695480348,
    2.4158421874046327,
    2.8037973046302795,
    2.963368809223175,
    2.6402823090553285,
    2.93184289932251
  ],
  "posterior_second_moment_std": [
    4.1865623812130295,
    4.1585266950288196,
    3.316515204509398,
    4.156174805923884,
    4.094514346503393,
    3.3093415868273994,
    3.6922136685596736,
    3.9839020509421665,
    3.4181458348030063,
    3.941429953886768
  ]
}