{
  "target_name": "gaussian_mixture",
  "algorithm_name": "ps",
  "kernel_name": "mala",
  "dimension": 10,
  "num_particles": 16,
  "num_mcmc_steps": 25,
  "num_completed_runs": 5,
  "completed_seeds": [
    0,
    1,
    2,
    3,
    4
  ],
  "raw_result_paths": [
    "/Users/makskoncilja/Documents/fmf/druga_stopnja/magistrska/project/data/results/raw/gaussian_mixture/D_10/N_16/MCMC_25/mala/seed_0.json",
    "/Users/makskoncilja/Documents/fmf/druga_stopnja/magistrska/project/data/results/raw/gaussian_mixture/D_10/N_16/MCMC_25/mala/seed_1.json",
    "/Users/makskoncilja/Documents/fmf/druga_stopnja/magistrska/project/data/results/raw/gaussian_mixture/D_10/N_16/MCMC_25/mala/seed_2.json",
    "/Users/makskoncilja/Documents/fmf/druga_stopnja/magistrska/project/data/results/raw/gaussian_mixture/D_10/N_16/MCMC_25/mala/seed_3.json",
    "/Users/makskoncilja/Documents/fmf/druga_stopnja/magistrska/project/data/results/raw/gaussian_mixture/D_10/N_16/MCMC_25/mala/seed_4.json"
  ],
  "logZ_mean": -35.58247413635254,
  "logZ_std": 2.8602833359625195,
  "final_ess_mean": 45.8973030090332,
  "final_ess_std": 7.336169392577637,
  "acceptance_rate_mean_mean": 0.9361942754342005,
  "acceptance_rate_mean_std": 0.008887516499967392,
  "acceptance_rate_last_mean": 0.6737995862960815,
  "acceptance_rate_last_std": 0.03266958374621588,
  "n_iter_mean": 13.2,
  "n_iter_std": 0.4472135954999579,
  "runtime_sec_mean": 64.29381466680206,
  "runtime_sec_std": 1.7370644664913721,
  "gradient_eval_count_mean": 5280.0,
  "gradient_eval_count_std": 178.88543819998318,
  "resampling_steps_mean": 13.2,
  "resampling_steps_std": 0.4472135954999579,
  "posterior_mean_mean": [
    -0.076739452034235,
    0.02832925897091627,
    -0.06280343383550643,
    0.1307028651237488,
    7.915347814559936e-05,
    -0.15142927952110768,
    -0.1408967360854149,
    0.02865406721830368,
    -0.14834116883575915,
    0.10690269619226456
  ],
  "posterior_mean_std": [
    0.09953965622513675,
    0.0871014509329823,
    0.36383456956903226,
    0.21938155940439502,
    0.4103667845644973,
    0.20154322431034688,
    0.2521597533536807,
    0.15303840796136875,
    0.3395379382581627,
    0.34683862175465424
  ],
  "posterior_second_moment_mean": [
    0.822121924161911,
    0.8465307414531708,
    1.274949586391449,
    1.1899589061737061,
    0.984672236442566,
    0.6827327728271484,
    0.9916816711425781,
    0.9309224843978882,
    1.1209113359451295,
    1.0202078938484191
  ],
  "posterior_second_moment_std": [
    0.27399556093576,
    0.2511545098901234,
    0.6372024452800323,
    0.3463676045147797,
    0.10512669850595029,
    0.2015681296859258,
    0.29300966308606075,
    0.41537300071761174,
    0.6585935337118781,
    0.19829059152827125
  ]
}