{
  "target_name": "gaussian_mixture",
  "algorithm_name": "ps",
  "kernel_name": "nuts",
  "dimension": 10,
  "num_particles": 16,
  "num_mcmc_steps": 25,
  "num_completed_runs": 5,
  "completed_seeds": [
    0,
    1,
    2,
    3,
    4
  ],
  "raw_result_paths": [
    "/Users/makskoncilja/Documents/fmf/druga_stopnja/magistrska/project/data/results/raw/gaussian_mixture/D_10/N_16/MCMC_25/nuts/seed_0.json",
    "/Users/makskoncilja/Documents/fmf/druga_stopnja/magistrska/project/data/results/raw/gaussian_mixture/D_10/N_16/MCMC_25/nuts/seed_1.json",
    "/Users/makskoncilja/Documents/fmf/druga_stopnja/magistrska/project/data/results/raw/gaussian_mixture/D_10/N_16/MCMC_25/nuts/seed_2.json",
    "/Users/makskoncilja/Documents/fmf/druga_stopnja/magistrska/project/data/results/raw/gaussian_mixture/D_10/N_16/MCMC_25/nuts/seed_3.json",
    "/Users/makskoncilja/Documents/fmf/druga_stopnja/magistrska/project/data/results/raw/gaussian_mixture/D_10/N_16/MCMC_25/nuts/seed_4.json"
  ],
  "logZ_mean": -32.15939483642578,
  "logZ_std": 1.5928558890327036,
  "final_ess_mean": 41.10435409545899,
  "final_ess_std": 5.337975683555636,
  "acceptance_rate_mean_mean": 0.9376640636405664,
  "acceptance_rate_mean_std": 0.019291961859972864,
  "acceptance_rate_last_mean": 0.5480859220027924,
  "acceptance_rate_last_std": 0.15979979945835968,
  "n_iter_mean": 13.0,
  "n_iter_std": 0.7071067811865476,
  "runtime_sec_mean": 98.0011784919072,
  "runtime_sec_std": 3.874894517951356,
  "gradient_eval_count_mean": 650666.4,
  "gradient_eval_count_std": 36251.993514839975,
  "resampling_steps_mean": 13.0,
  "resampling_steps_std": 0.7071067811865476,
  "posterior_mean_mean": [
    1.8730059292167425,
    1.7550649255514146,
    1.7245012104511261,
    1.7662293551489712,
    1.7006091862916946,
    1.7266428589820861,
    1.5776232838630677,
    1.8349315792322158,
    1.632810604572296,
    1.9028623342514037
  ],
  "posterior_mean_std": [
    1.530782551047358,
    1.7893331747373822,
    1.5319024722213694,
    1.4779872442446098,
    1.7620556469677884,
    1.515058300565166,
    1.6664843441690516,
    1.6488882640917926,
    1.5143708386789354,
    1.4514482045224117
  ],
  "posterior_second_moment_mean": [
    6.4442860126495365,
    6.569614577293396,
    6.397437882423401,
    6.10417160987854,
    6.220068299770356,
    5.806355834007263,
    5.784302449226379,
    6.631689453125,
    5.55946968793869,
    6.569147849082947
  ],
  "posterior_second_moment_std": [
    4.884878565114496,
    5.233527830228994,
    5.219185455007505,
    4.553245671514952,
    5.131888362703509,
    4.3039184689413785,
    4.050026984267298,
    5.24943012344777,
    4.165993292674971,
    4.619827174508393
  ]
}