{
  "target_name": "gaussian_mixture",
  "algorithm_name": "ps",
  "kernel_name": "rwm",
  "dimension": 10,
  "num_particles": 16,
  "num_mcmc_steps": 25,
  "num_completed_runs": 5,
  "completed_seeds": [
    0,
    1,
    2,
    3,
    4
  ],
  "raw_result_paths": [
    "/Users/makskoncilja/Documents/fmf/druga_stopnja/magistrska/project/data/results/raw/gaussian_mixture/D_10/N_16/MCMC_25/rwm/seed_0.json",
    "/Users/makskoncilja/Documents/fmf/druga_stopnja/magistrska/project/data/results/raw/gaussian_mixture/D_10/N_16/MCMC_25/rwm/seed_1.json",
    "/Users/makskoncilja/Documents/fmf/druga_stopnja/magistrska/project/data/results/raw/gaussian_mixture/D_10/N_16/MCMC_25/rwm/seed_2.json",
    "/Users/makskoncilja/Documents/fmf/druga_stopnja/magistrska/project/data/results/raw/gaussian_mixture/D_10/N_16/MCMC_25/rwm/seed_3.json",
    "/Users/makskoncilja/Documents/fmf/druga_stopnja/magistrska/project/data/results/raw/gaussian_mixture/D_10/N_16/MCMC_25/rwm/seed_4.json"
  ],
  "logZ_mean": -23.57732696533203,
  "logZ_std": 0.9005253020445508,
  "final_ess_mean": 45.82002410888672,
  "final_ess_std": 3.094575432833612,
  "acceptance_rate_mean_mean": 0.26230820046530834,
  "acceptance_rate_mean_std": 0.010888036480850388,
  "acceptance_rate_last_mean": 0.29753356873989106,
  "acceptance_rate_last_std": 0.04966723997960988,
  "n_iter_mean": 9.2,
  "n_iter_std": 0.4472135954999579,
  "runtime_sec_mean": 38.99212615024298,
  "runtime_sec_std": 5.0428601858868785,
  "gradient_eval_count_mean": 0.0,
  "gradient_eval_count_std": 0.0,
  "resampling_steps_mean": 9.2,
  "resampling_steps_std": 0.4472135954999579,
  "posterior_mean_mean": [
    0.0188058540225029,
    0.04615796096622944,
    0.09816855192184448,
    -0.1568643543869257,
    -0.00383230596780777,
    0.06529002413153648,
    -0.05736244916915893,
    0.036288720183074476,
    0.041653518378734586,
    -0.02419161647558212
  ],
  "posterior_mean_std": [
    0.18570053107648324,
    0.10449348804044348,
    0.25235759942022035,
    0.13840782173765098,
    0.2209197661365977,
    0.239585099546971,
    0.16205390852693907,
    0.16982819082147851,
    0.10043140240552016,
    0.18383391335743976
  ],
  "posterior_second_moment_mean": [
    0.5154378294944764,
    0.268830332159996,
    0.47064273357391356,
    0.39789260625839235,
    0.2839180320501328,
    0.2842816084623337,
    0.3528960108757019,
    0.30788650214672086,
    0.4146063789725304,
    0.2876263827085495
  ],
  "posterior_second_moment_std": [
    0.1934746565336928,
    0.0710434998920053,
    0.1022012819055407,
    0.16199967823366052,
    0.11618822449570768,
    0.1313684124634584,
    0.2473726718115151,
    0.16288995004058948,
    0.19203887070347087,
    0.1781719592721417
  ]
}