{
  "target_name": "gaussian_mixture",
  "algorithm_name": "ps",
  "kernel_name": "ula",
  "dimension": 10,
  "num_particles": 16,
  "num_mcmc_steps": 25,
  "num_completed_runs": 5,
  "completed_seeds": [
    0,
    1,
    2,
    3,
    4
  ],
  "raw_result_paths": [
    "/Users/makskoncilja/Documents/fmf/druga_stopnja/magistrska/project/data/results/raw/gaussian_mixture/D_10/N_16/MCMC_25/ula/seed_0.json",
    "/Users/makskoncilja/Documents/fmf/druga_stopnja/magistrska/project/data/results/raw/gaussian_mixture/D_10/N_16/MCMC_25/ula/seed_1.json",
    "/Users/makskoncilja/Documents/fmf/druga_stopnja/magistrska/project/data/results/raw/gaussian_mixture/D_10/N_16/MCMC_25/ula/seed_2.json",
    "/Users/makskoncilja/Documents/fmf/druga_stopnja/magistrska/project/data/results/raw/gaussian_mixture/D_10/N_16/MCMC_25/ula/seed_3.json",
    "/Users/makskoncilja/Documents/fmf/druga_stopnja/magistrska/project/data/results/raw/gaussian_mixture/D_10/N_16/MCMC_25/ula/seed_4.json"
  ],
  "logZ_mean": -86.12459411621094,
  "logZ_std": 10.406275322215235,
  "final_ess_mean": 44.33075485229492,
  "final_ess_std": 5.631820516613277,
  "acceptance_rate_mean_mean": NaN,
  "acceptance_rate_mean_std": NaN,
  "acceptance_rate_last_mean": NaN,
  "acceptance_rate_last_std": NaN,
  "n_iter_mean": 15.4,
  "n_iter_std": 1.51657508881031,
  "runtime_sec_mean": 69.33120562504045,
  "runtime_sec_std": 5.897405498380761,
  "gradient_eval_count_mean": 6160.0,
  "gradient_eval_count_std": 606.6300355241241,
  "resampling_steps_mean": 15.4,
  "resampling_steps_std": 1.51657508881031,
  "posterior_mean_mean": [
    0.08835393190383911,
    -0.31110844314098357,
    -0.8735507488250732,
    -1.8261367559432984,
    -1.2412227392196655,
    -0.08126068115234375,
    1.5605932295322418,
    0.08151025772094726,
    0.42105273306369784,
    0.5553270220756531
  ],
  "posterior_mean_std": [
    2.096519269836629,
    0.929420127007101,
    2.556462728400154,
    0.5820557192964559,
    1.2915705109016702,
    1.8789367554982461,
    1.1313577375032768,
    0.954913956095053,
    0.7772710827738356,
    1.4892258061078028
  ],
  "posterior_second_moment_mean": [
    4.172293603420258,
    1.7346409201622008,
    6.538526952266693,
    4.2542627334594725,
    3.691171658039093,
    3.659141945838928,
    4.182603669166565,
    1.3519664883613587,
    1.242181795835495,
    2.7858713388442995
  ],
  "posterior_second_moment_std": [
    2.1451038976472696,
    1.2625761396012674,
    4.616192244916822,
    2.2630830825491284,
    4.772974708042912,
    3.030667583328839,
    3.3908113383723664,
    0.7074063868538311,
    1.2243297044724175,
    2.660895975019666
  ]
}