{
  "target_name": "gaussian_mixture",
  "algorithm_name": "ps",
  "kernel_name": "nuts",
  "seed": 0,
  "dimension": 10,
  "num_particles": 16,
  "logZ": -31.42023277282715,
  "posterior_mean": [
    3.1036462783813477,
    3.3424179553985596,
    3.055445671081543,
    3.0735533237457275,
    3.0308456420898438,
    3.006962776184082,
    2.961519241333008,
    3.1380972862243652,
    2.840104341506958,
    3.177244186401367
  ],
  "posterior_second_moment": [
    11.119446754455566,
    11.511603355407715,
    11.378178596496582,
    10.403634071350098,
    10.087943077087402,
    9.818804740905762,
    9.510671615600586,
    10.750020027160645,
    9.105965614318848,
    11.200227737426758
  ],
  "final_ess": 38.81123352050781,
  "acceptance_rate_mean": 0.9476324870036199,
  "acceptance_rate_last": 0.6455255746841431,
  "n_iter": 13,
  "runtime_sec": 97.8900987918023,
  "tempering_path": [
    0.0003814697265625,
    0.012151041068136692,
    0.024577157571911812,
    0.04747583717107773,
    0.06536945700645447,
    0.0991046354174614,
    0.14405249059200287,
    0.2008078545331955,
    0.30960899591445923,
    0.47483259439468384,
    0.6180323362350464,
    0.8022202849388123,
    1.0
  ],
  "logZ_path": [
    -0.10627627372741699,
    -2.9851324558258057,
    -5.266663074493408,
    -8.237107276916504,
    -9.872823715209961,
    -12.139320373535156,
    -14.312817573547363,
    -16.351491928100586,
    -19.343475341796875,
    -23.243532180786133,
    -25.951208114624023,
    -28.881431579589844,
    -31.42023277282715
  ],
  "ess_path": [
    31.992795944213867,
    36.895286560058594,
    36.305946350097656,
    33.35668182373047,
    37.34383773803711,
    35.33356857299805,
    36.46522521972656,
    37.448307037353516,
    34.97390365600586,
    34.64944076538086,
    37.122596740722656,
    36.9478874206543,
    38.81123352050781
  ],
  "acceptance_path": [
    0.9724327921867371,
    0.9895955324172974,
    0.9780173897743225,
    0.9962817430496216,
    0.9977576732635498,
    0.9995213747024536,
    0.9988657832145691,
    0.9961006045341492,
    0.9858410358428955,
    0.9691850543022156,
    0.9142987728118896,
    0.8757990002632141,
    0.6455255746841431
  ],
  "elapsed_time_path": [
    9.767627041786909,
    17.468840666813776,
    24.300577708985656,
    30.695902374805883,
    37.63290062500164,
    44.782558374805376,
    51.49208916700445,
    58.0610433339607,
    66.3605511249043,
    74.16228441684507,
    82.53440699982457,
    91.7400820418261,
    97.88393537490629
  ],
  "gradient_eval_count": 620363,
  "resampling_steps": 13,
  "variance_log_weights_path": [
    0.9857908487319946,
    1.4538229703903198,
    1.8954131603240967,
    2.258056879043579,
    2.6129848957061768,
    2.822208881378174,
    2.9283480644226074,
    2.980607509613037,
    2.8701508045196533,
    2.8024349212646484,
    2.942653179168701,
    3.077636480331421,
    3.240658760070801
  ],
  "weight_entropy_path": [
    3.465623378753662,
    3.715691566467285,
    3.7477402687072754,
    3.653404712677002,
    3.7656030654907227,
    3.710118293762207,
    3.7378742694854736,
    3.7747597694396973,
    3.7035484313964844,
    3.69789457321167,
    3.7792654037475586,
    3.7833688259124756,
    3.8162901401519775
  ],
  "esjd_path": [
    257.18536376953125,
    966.5877685546875,
    598.7351684570312,
    468.0245666503906,
    361.4095764160156,
    246.0004119873047,
    130.18580627441406,
    119.6058578491211,
    82.72859191894531,
    95.5202865600586,
    88.06964111328125,
    70.9600601196289,
    42.42222595214844
  ],
  "step_size_path": [
    0.10000000149011612,
    0.14890989661216736,
    0.20989376306533813,
    0.2752843201160431,
    0.3575807213783264,
    0.4528576135635376,
    0.5627565979957581,
    0.6872714757919312,
    0.8258258104324341,
    0.9724006652832031,
    1.1190568208694458,
    1.2245341539382935,
    1.2962735891342163
  ],
  "num_mcmc_steps": 25
}