{
  "target_name": "gaussian_mixture",
  "algorithm_name": "ps",
  "kernel_name": "nuts",
  "seed": 4,
  "dimension": 10,
  "num_particles": 16,
  "logZ": -32.191375732421875,
  "posterior_mean": [
    0.41424301266670227,
    -0.11655424535274506,
    0.0307941734790802,
    0.011451899074018002,
    -0.3899058401584625,
    0.430896520614624,
    -0.22415268421173096,
    0.2591678500175476,
    -0.3328780233860016,
    0.3370755910873413
  ],
  "posterior_second_moment": [
    1.3948009014129639,
    1.0333681106567383,
    1.1672768592834473,
    1.548091173171997,
    0.704823911190033,
    1.4173285961151123,
    1.1651848554611206,
    1.1438429355621338,
    1.1266229152679443,
    1.5784289836883545
  ],
  "final_ess": 49.95537567138672,
  "acceptance_rate_mean": 0.9040835110040811,
  "acceptance_rate_last": 0.2684178054332733,
  "n_iter": 13,
  "runtime_sec": 96.93110241717659,
  "tempering_path": [
    0.00067138671875,
    0.021436091512441635,
    0.036915600299835205,
    0.05117758363485336,
    0.07982207089662552,
    0.12012969702482224,
    0.16216909885406494,
    0.2202097475528717,
    0.3265361189842224,
    0.4751511812210083,
    0.6766625046730042,
    0.9535833597183228,
    1.0
  ],
  "logZ_path": [
    -0.15391778945922852,
    -4.673515319824219,
    -7.142961025238037,
    -8.704021453857422,
    -11.26191520690918,
    -13.78703498840332,
    -15.594128608703613,
    -17.487268447875977,
    -20.12691879272461,
    -23.39259147644043,
    -26.987977981567383,
    -31.5689697265625,
    -32.191375732421875
  ],
  "ess_path": [
    31.99002456665039,
    35.33426284790039,
    36.806644439697266,
    39.1689567565918,
    34.83498001098633,
    33.971275329589844,
    36.0588493347168,
    36.51121139526367,
    35.85821533203125,
    36.18470001220703,
    33.596588134765625,
    36.751319885253906,
    49.95537567138672
  ],
  "acceptance_path": [
    0.9880304336547852,
    0.9907175302505493,
    0.9944149851799011,
    0.9934071898460388,
    0.9985526204109192,
    0.9994590282440186,
    0.9982929229736328,
    0.9934044480323792,
    0.983589768409729,
    0.949428915977478,
    0.8324342370033264,
    0.7629357576370239,
    0.2684178054332733
  ],
  "elapsed_time_path": [
    9.736696458188817,
    17.458077874965966,
    24.02248404198326,
    30.30997775006108,
    36.605698792031035,
    43.969465708127245,
    50.24242366710678,
    55.9661697500851,
    64.33907358301803,
    72.57318595796824,
    80.66605524998158,
    90.06941037508659,
    96.92563604214229
  ],
  "gradient_eval_count": 644455,
  "resampling_steps": 13,
  "variance_log_weights_path": [
    0.9857897162437439,
    1.4505839347839355,
    1.8951911926269531,
    2.317568302154541,
    2.637925148010254,
    2.841831684112549,
    3.0113208293914795,
    3.074622631072998,
    2.948516368865967,
    2.891641139984131,
    2.9186880588531494,
    2.956150770187378,
    3.3708059787750244
  ],
  "weight_entropy_path": [
    3.4655795097351074,
    3.6769604682922363,
    3.768315315246582,
    3.8309130668640137,
    3.702329635620117,
    3.673008441925049,
    3.7370338439941406,
    3.7475104331970215,
    3.723404884338379,
    3.7494215965270996,
    3.700319290161133,
    3.7316431999206543,
    4.019693851470947
  ],
  "esjd_path": [
    503.1617431640625,
    872.7379150390625,
    499.7989196777344,
    454.2584228515625,
    271.8984375,
    203.45034790039062,
    129.0078887939453,
    93.63450622558594,
    62.46514892578125,
    51.51142120361328,
    43.52570343017578,
    24.491239547729492,
    21.71216583251953
  ],
  "step_size_path": [
    0.10000000149011612,
    0.1543709635734558,
    0.2180337905883789,
    0.29319390654563904,
    0.37938839197158813,
    0.48093244433403015,
    0.597603976726532,
    0.7294090986251831,
    0.8742480874061584,
    1.0273818969726562,
    1.163094162940979,
    1.1932061910629272,
    1.1604464054107666
  ],
  "num_mcmc_steps": 25
}