{
  "target_name": "gaussian_mixture",
  "algorithm_name": "ps",
  "kernel_name": "nuts",
  "seed": 3,
  "dimension": 10,
  "num_particles": 16,
  "logZ": -30.3121395111084,
  "posterior_mean": [
    2.8117969036102295,
    2.849372625350952,
    2.6528661251068115,
    2.724207878112793,
    2.992372751235962,
    2.641880512237549,
    2.661026954650879,
    2.845986843109131,
    2.6164164543151855,
    2.987534523010254
  ],
  "posterior_second_moment": [
    8.964091300964355,
    9.822783470153809,
    9.384003639221191,
    9.35071086883545,
    10.125706672668457,
    8.663878440856934,
    8.542628288269043,
    9.480843544006348,
    7.701203346252441,
    9.880427360534668
  ],
  "final_ess": 37.99884796142578,
  "acceptance_rate_mean": 0.9446818278386042,
  "acceptance_rate_last": 0.6100606322288513,
  "n_iter": 13,
  "runtime_sec": 97.88791220914572,
  "tempering_path": [
    0.000335693359375,
    0.012081969529390335,
    0.023511216044425964,
    0.03953247889876366,
    0.07022491097450256,
    0.10271014273166656,
    0.14260049164295197,
    0.19754858314990997,
    0.26904386281967163,
    0.40461474657058716,
    0.5366812944412231,
    0.7526459693908691,
    1.0
  ],
  "logZ_path": [
    -0.08716225624084473,
    -2.7791309356689453,
    -4.747237682342529,
    -6.901697635650635,
    -10.217546463012695,
    -12.430368423461914,
    -14.374187469482422,
    -16.534778594970703,
    -18.624122619628906,
    -21.545732498168945,
    -23.91873550415039,
    -27.241743087768555,
    -30.3121395111084
  ],
  "ess_path": [
    31.993837356567383,
    37.03056716918945,
    36.96949768066406,
    34.89421463012695,
    32.24980163574219,
    33.61560821533203,
    35.103515625,
    36.58449172973633,
    38.0489616394043,
    34.768550872802734,
    36.47492980957031,
    34.93058776855469,
    37.99884796142578
  ],
  "acceptance_path": [
    0.987058699131012,
    0.9796212315559387,
    0.9838462471961975,
    0.994846761226654,
    0.9992183446884155,
    0.9989036321640015,
    0.9986371397972107,
    0.9969600439071655,
    0.9905570149421692,
    0.9669119715690613,
    0.9254285097122192,
    0.848813533782959,
    0.6100606322288513
  ],
  "elapsed_time_path": [
    9.691645584069192,
    17.410292000044137,
    24.321349709061906,
    30.818167000077665,
    37.8471272920724,
    45.03395558404736,
    51.646522958995774,
    58.25581312505528,
    66.65272170910612,
    74.50468274997547,
    82.79548962507397,
    92.04392879200168,
    97.88093337509781
  ],
  "gradient_eval_count": 646985,
  "resampling_steps": 13,
  "variance_log_weights_path": [
    0.9857913851737976,
    1.4535081386566162,
    1.900128960609436,
    2.304960012435913,
    2.5851211547851562,
    2.804218292236328,
    2.9468204975128174,
    2.9891932010650635,
    2.994673252105713,
    2.8727686405181885,
    2.9771950244903564,
    3.0036373138427734,
    3.093379497528076
  ],
  "weight_entropy_path": [
    3.465639591217041,
    3.7165307998657227,
    3.7849416732788086,
    3.735896110534668,
    3.612104654312134,
    3.6517152786254883,
    3.701610803604126,
    3.746528148651123,
    3.7837746143341064,
    3.7075958251953125,
    3.7718570232391357,
    3.723129987716675,
    3.775836229324341
  ],
  "esjd_path": [
    422.8460998535156,
    858.8993530273438,
    718.412353515625,
    472.17156982421875,
    426.80059814453125,
    229.65066528320312,
    189.52037048339844,
    121.46119689941406,
    70.10741424560547,
    84.35543060302734,
    66.98284149169922,
    45.10628890991211,
    36.99907684326172
  ],
  "step_size_path": [
    0.10000000149011612,
    0.15402495861053467,
    0.2132183015346527,
    0.2821389138698578,
    0.3657844364643097,
    0.46405619382858276,
    0.5762850642204285,
    0.7036315202713013,
    0.8461648225784302,
    1.0004891157150269,
    1.1492104530334473,
    1.2686080932617188,
    1.315983772277832
  ],
  "num_mcmc_steps": 25
}