{
  "target_name": "gaussian_mixture",
  "algorithm_name": "ps",
  "kernel_name": "nuts",
  "seed": 1,
  "dimension": 10,
  "num_particles": 16,
  "logZ": -34.6462516784668,
  "posterior_mean": [
    0.0016138982027769089,
    -0.2714693248271942,
    0.07696020603179932,
    0.30651581287384033,
    -0.06007261574268341,
    -0.24328559637069702,
    -0.26376229524612427,
    -0.17733775079250336,
    0.3245994746685028,
    0.31041932106018066
  ],
  "posterior_second_moment": [
    0.9306693077087402,
    0.7475003004074097,
    0.33143675327301025,
    0.8227148056030273,
    0.4994833469390869,
    0.8585549592971802,
    1.6080396175384521,
    0.6987683773040771,
    0.9430930018424988,
    1.6512080430984497
  ],
  "final_ess": 36.66032028198242,
  "acceptance_rate_mean": 0.9520751933256785,
  "acceptance_rate_last": 0.6492238640785217,
  "n_iter": 12,
  "runtime_sec": 93.26084670820273,
  "tempering_path": [
    0.00048828125,
    0.01715894788503647,
    0.028861265629529953,
    0.04867161810398102,
    0.076987124979496,
    0.11029240489006042,
    0.15915870666503906,
    0.24447967112064362,
    0.3849177360534668,
    0.509452760219574,
    0.7020907402038574,
    1.0
  ],
  "logZ_path": [
    -0.1410524845123291,
    -4.5296807289123535,
    -6.716465473175049,
    -9.137479782104492,
    -11.6814603805542,
    -14.022162437438965,
    -16.5239315032959,
    -19.60135269165039,
    -23.698421478271484,
    -26.24766731262207,
    -29.823719024658203,
    -34.6462516784668
  ],
  "ess_path": [
    31.991182327270508,
    35.66463088989258,
    36.94719696044922,
    34.52874755859375,
    36.138492584228516,
    36.709716796875,
    35.89983367919922,
    34.58830261230469,
    32.37678527832031,
    36.90360641479492,
    38.313758850097656,
    36.66032028198242
  ],
  "acceptance_path": [
    0.9770333766937256,
    0.9849030375480652,
    0.9949870705604553,
    0.9981910586357117,
    0.9992427825927734,
    0.9994789958000183,
    0.9983630180358887,
    0.9940515756607056,
    0.9904556274414062,
    0.9597154259681702,
    0.8792564868927002,
    0.6492238640785217
  ],
  "elapsed_time_path": [
    9.794391208095476,
    17.74664295814,
    24.43462875019759,
    30.77170104207471,
    37.83862133300863,
    44.92060308321379,
    51.63158941711299,
    58.14157783309929,
    66.54441683320329,
    74.83647570805624,
    83.73840604210272,
    93.24777025007643
  ],
  "gradient_eval_count": 629060,
  "resampling_steps": 12,
  "variance_log_weights_path": [
    0.9857903718948364,
    1.4499619007110596,
    1.8944746255874634,
    2.268338918685913,
    2.5521233081817627,
    2.7772247791290283,
    2.8753068447113037,
    2.795440912246704,
    2.6864233016967773,
    2.8085062503814697,
    2.8471503257751465,
    2.857600212097168
  ],
  "weight_entropy_path": [
    3.4655978679656982,
    3.677605628967285,
    3.7695605754852295,
    3.6664843559265137,
    3.718841075897217,
    3.763572931289673,
    3.723644495010376,
    3.673339366912842,
    3.6209115982055664,
    3.735535144805908,
    3.7822070121765137,
    3.752384901046753
  ],
  "esjd_path": [
    324.8951721191406,
    999.01611328125,
    658.98779296875,
    489.7752685546875,
    295.6220703125,
    262.12933349609375,
    161.25978088378906,
    141.99050903320312,
    102.14472198486328,
    59.05183410644531,
    31.173038482666016,
    20.504615783691406
  ],
  "step_size_path": [
    0.10000000149011612,
    0.15050025284290314,
    0.21034084260463715,
    0.28309568762779236,
    0.3686641454696655,
    0.46772319078445435,
    0.5812029242515564,
    0.7094405889511108,
    0.8508298993110657,
    1.0059154033660889,
    1.1485599279403687,
    1.2225854396820068
  ],
  "num_mcmc_steps": 25
}