{
  "target_name": "gaussian_mixture",
  "algorithm_name": "ps",
  "kernel_name": "nuts",
  "seed": 2,
  "dimension": 10,
  "num_particles": 16,
  "logZ": -32.22697448730469,
  "posterior_mean": [
    3.0337295532226562,
    2.9715576171875,
    2.8064398765563965,
    2.7154178619384766,
    2.9298059940338135,
    2.796760082244873,
    2.7534852027893066,
    3.108743667602539,
    2.715810775756836,
    2.702038049697876
  ],
  "posterior_second_moment": [
    9.812421798706055,
    9.732817649841309,
    9.726293563842773,
    8.395707130432129,
    9.682384490966797,
    8.273212432861328,
    8.094987869262695,
    11.084972381591797,
    8.920463562011719,
    8.535447120666504
  ],
  "final_ess": 42.09599304199219,
  "acceptance_rate_mean": 0.939847299030849,
  "acceptance_rate_last": 0.5672017335891724,
  "n_iter": 14,
  "runtime_sec": 104.03593233320862,
  "tempering_path": [
    0.0003662109375,
    0.011543948203325272,
    0.02323771081864834,
    0.04071662575006485,
    0.06288695335388184,
    0.0929778516292572,
    0.12844645977020264,
    0.18896953761577606,
    0.25309237837791443,
    0.3455326557159424,
    0.44008368253707886,
    0.5879912376403809,
    0.8094861507415771,
    1.0
  ],
  "logZ_path": [
    -0.10449695587158203,
    -3.047976493835449,
    -5.355161190032959,
    -7.879240036010742,
    -9.916790008544922,
    -12.276538848876953,
    -14.430272102355957,
    -17.149139404296875,
    -19.48684310913086,
    -21.861255645751953,
    -23.88387680053711,
    -26.629291534423828,
    -29.865921020507812,
    -32.22697448730469
  ],
  "ess_path": [
    31.99137306213379,
    36.71775436401367,
    36.740623474121094,
    34.515953063964844,
    36.823402404785156,
    36.002540588378906,
    36.32714080810547,
    35.9718132019043,
    36.45723342895508,
    33.72550964355469,
    37.70528793334961,
    37.490352630615234,
    36.09633255004883,
    42.09599304199219
  ],
  "acceptance_path": [
    0.9501438140869141,
    0.9788277745246887,
    0.9839611649513245,
    0.9940569996833801,
    0.9992128610610962,
    0.9989142417907715,
    0.9993061423301697,
    0.9964975714683533,
    0.991417646408081,
    0.9852641224861145,
    0.9643584489822388,
    0.909024178981781,
    0.8396754860877991,
    0.5672017335891724
  ],
  "elapsed_time_path": [
    9.922372917179018,
    17.606381917139515,
    24.574259833199903,
    30.960669708205387,
    37.31172425020486,
    44.94048450002447,
    51.641558583127335,
    58.30761295813136,
    66.76860208320431,
    74.67162150004879,
    83.66747320815921,
    93.17561320820823,
    99.1754105000291,
    104.03228604211472
  ],
  "gradient_eval_count": 712469,
  "resampling_steps": 14,
  "variance_log_weights_path": [
    0.9857903122901917,
    1.4528769254684448,
    1.8952010869979858,
    2.2784109115600586,
    2.593324899673462,
    2.8260748386383057,
    3.0001204013824463,
    3.0007145404815674,
    3.0625929832458496,
    3.087651491165161,
    3.1990606784820557,
    3.222395420074463,
    3.1681265830993652,
    3.296621799468994
  ],
  "weight_entropy_path": [
    3.4656004905700684,
    3.7091875076293945,
    3.7634410858154297,
    3.6927990913391113,
    3.729551315307617,
    3.7571983337402344,
    3.757819652557373,
    3.7249276638031006,
    3.7701590061187744,
    3.692542552947998,
    3.7743029594421387,
    3.7918918132781982,
    3.747687816619873,
    3.8702268600463867
  ],
  "esjd_path": [
    381.0389709472656,
    1093.5943603515625,
    759.7919921875,
    455.5356140136719,
    342.6195068359375,
    273.225830078125,
    235.47726440429688,
    139.4425506591797,
    123.93632507324219,
    103.9186019897461,
    96.61761474609375,
    93.34320068359375,
    79.86819458007812,
    45.08888244628906
  ],
  "step_size_path": [
    0.10000000149011612,
    0.14143964648246765,
    0.1955152451992035,
    0.2587588131427765,
    0.33511996269226074,
    0.425150603055954,
    0.5279765129089355,
    0.6450814604759216,
    0.7754184603691101,
    0.9175339937210083,
    1.0701065063476562,
    1.218088150024414,
    1.3220338821411133,
    1.360260009765625
  ],
  "num_mcmc_steps": 25
}