{
  "target_name": "gaussian_mixture",
  "dimension": 10,
  "num_reference_runs": 16,
  "num_particles_reference": 10,
  "logZ_ref_mean": -15.007840760052204,
  "logZ_ref_std": 0.3704791197510817,
  "f1_mean_ref": [
    -0.10179570317268372,
    -0.07572861760854721,
    -0.025307467207312584,
    0.11351936310529709,
    0.06835457682609558,
    -0.03901388496160507,
    0.09208959341049194,
    -0.06799566745758057,
    0.0625733956694603,
    -0.12754271924495697
  ],
  "f1_std_ref": [
    0.20217353105545044,
    0.2975808084011078,
    0.19596287608146667,
    0.19843649864196777,
    0.14734308421611786,
    0.1308986097574234,
    0.16781552135944366,
    0.2900850772857666,
    0.18768487870693207,
    0.19923800230026245
  ],
  "f2_mean_ref": [
    0.3729725778102875,
    0.4605281949043274,
    0.42520564794540405,
    0.390769898891449,
    0.3452341556549072,
    0.39343002438545227,
    0.4377188980579376,
    0.45749107003211975,
    0.3342529833316803,
    0.37127137184143066
  ],
  "f2_std_ref": [
    0.21051663160324097,
    0.34601354598999023,
    0.2665247321128845,
    0.26372209191322327,
    0.21965935826301575,
    0.26829299330711365,
    0.22373011708259583,
    0.21832425892353058,
    0.25149595737457275,
    0.21375972032546997
  ],
  "final_ess_mean": 9.643625795841217,
  "final_ess_std": 0.490073706832876,
  "acceptance_rate_mean": 0.23901315763429185,
  "acceptance_rate_std": 0.00883343996239553,
  "n_iter_mean": 8.25,
  "n_iter_std": 1.0
}