{
  "dimension": 10,
  "num_particles_reference": 10,
  "num_reference_runs": 16,
  "completed_seeds": [
    0,
    1,
    2,
    3,
    4,
    5,
    6,
    7,
    8,
    9,
    10,
    11,
    12,
    13,
    14,
    15
  ],
  "logZ_runs": [
    -15.129591464996338,
    -14.695157289505005,
    -14.914452314376831,
    -14.671721816062927,
    -14.817814707756042,
    -15.30787205696106,
    -14.505146265029907,
    -14.575997829437256,
    -14.68759834766388,
    -15.32173490524292,
    -15.351977348327637,
    -14.60533058643341,
    -15.679389595985413,
    -15.111695051193237,
    -15.222790718078613,
    -15.52718186378479
  ],
  "f1_runs": [
    [
      0.0012378692626953125,
      -0.03728201240301132,
      -0.5289703607559204,
      -0.23882436752319336,
      0.13538134098052979,
      -0.12995436787605286,
      0.18444685637950897,
      -0.598505437374115,
      0.13941851258277893,
      -0.3274209499359131
    ],
    [
      -0.3588859438896179,
      -0.24715778231620789,
      -0.026023834943771362,
      0.1445997804403305,
      0.04336472228169441,
      0.0007066559046506882,
      -0.2074573040008545,
      -0.028692299500107765,
      0.4167771339416504,
      -0.05179410055279732
    ],
    [
      0.2694315016269684,
      0.24483919143676758,
      0.001628100872039795,
      -0.187895730137825,
      0.34587639570236206,
      0.004752129316329956,
      -0.021413933485746384,
      0.05850138142704964,
      0.05713614821434021,
      -0.36718687415122986
    ],
    [
      -0.2557164132595062,
      0.08174080401659012,
      0.15029990673065186,
      0.21280953288078308,
      0.061681974679231644,
      0.20215797424316406,
      0.1022505983710289,
      -0.20585298538208008,
      -0.025767317041754723,
      0.026735907420516014
    ],
    [
      -0.28867191076278687,
      0.016720253974199295,
      -0.03951648622751236,
      0.1618541181087494,
      0.128630131483078,
      -0.14734432101249695,
      0.04263176769018173,
      0.35645729303359985,
      0.010445153340697289,
      0.1558396816253662
    ],
    [
      -0.053244657814502716,
      -0.19062583148479462,
      0.05686574429273605,
      -0.06027648597955704,
      0.08883470296859741,
      0.13644658029079437,
      0.09301488846540451,
      0.17047345638275146,
      0.2782461643218994,
      -0.22903013229370117
    ],
    [
      -0.20453877747058868,
      -0.06470657885074615,
      -0.2312152087688446,
      0.2407345473766327,
      0.029392283409833908,
      0.07447512447834015,
      -0.11091792583465576,
      -0.03654324263334274,
      0.15075570344924927,
      -0.26947158575057983
    ],
    [
      -0.20283076167106628,
      -0.7209157347679138,
      -0.34505248069763184,
      0.34098079800605774,
      0.029987061396241188,
      -0.19644400477409363,
      0.3104938268661499,
      -0.09610012918710709,
      -0.12538941204547882,
      -0.14848658442497253
    ],
    [
      -0.11501812934875488,
      -0.09888340532779694,
      0.033444538712501526,
      0.4909297823905945,
      0.03805006667971611,
      0.04062054678797722,
      0.12721183896064758,
      0.226841539144516,
      -0.1765023171901703,
      -0.1692611426115036
    ],
    [
      0.1640595942735672,
      0.6140648126602173,
      0.025339508429169655,
      0.35650375485420227,
      0.10447418689727783,
      0.11764001846313477,
      0.1656716763973236,
      -0.42708396911621094,
      0.16381795704364777,
      -0.4243106245994568
    ],
    [
      -0.41440004110336304,
      -0.41004109382629395,
      0.09791076183319092,
      0.14559157192707062,
      -0.3547317385673523,
      -0.15757353603839874,
      0.2651756703853607,
      -0.15655069053173065,
      0.0931117907166481,
      0.17034095525741577
    ],
    [
      -0.0407804511487484,
      -0.11589168012142181,
      0.07884371280670166,
      0.18573418259620667,
      0.031415872275829315,
      0.02401900291442871,
      0.19848017394542694,
      -0.16972340643405914,
      -0.05878754332661629,
      -0.11942319571971893
    ],
    [
      0.24396474659442902,
      -0.24576826393604279,
      -0.05241624638438225,
      -0.07323385030031204,
      0.29194578528404236,
      -0.1998119056224823,
      0.3532198965549469,
      0.262681245803833,
      -0.3247213363647461,
      -0.4178340435028076
    ],
    [
      -0.0847901701927185,
      -0.1980341374874115,
      0.15021073818206787,
      0.052453380078077316,
      0.051144011318683624,
      -0.0657055526971817,
      -0.03232874348759651,
      -0.2666667103767395,
      0.29594340920448303,
      0.10401894897222519
    ],
    [
      -0.24700887501239777,
      0.23755860328674316,
      0.2496529519557953,
      -0.0038355826400220394,
      0.00958324410021305,
      -0.17212967574596405,
      -0.1880103498697281,
      -0.4896523356437683,
      0.1209801658987999,
      0.037312597036361694
    ],
    [
      -0.0415387786924839,
      -0.07727488875389099,
      -0.025920754298567772,
      0.04818422719836235,
      0.05864306166768074,
      -0.1560768336057663,
      0.19096460938453674,
      0.3124857544898987,
      -0.014290024526417255,
      -0.010712486691772938
    ]
  ],