{
  "target_name": "gaussian_mixture",
  "dimension": 10,
  "num_reference_runs": 10,
  "num_particles_reference": 32,
  "logZ_ref_mean": -15.91932442188263,
  "logZ_ref_std": 0.362756334516735,
  "f1_mean_ref": [
    -0.06110437959432602,
    0.03150765970349312,
    0.08365219086408615,
    0.02994455024600029,
    -0.00982870627194643,
    0.06113726645708084,
    -0.00266658584587276,
    -0.0035975337959825993,
    -0.040589816868305206,
    -0.027561228722333908
  ],
  "f1_std_ref": [
    0.1622564047574997,
    0.148481085896492,
    0.10680947452783585,
    0.1830904483795166,
    0.04798157885670662,
    0.1338593065738678,
    0.0953446701169014,
    0.13206180930137634,
    0.12662699818611145,
    0.1236833930015564
  ],
  "f2_mean_ref": [
    0.7231836318969727,
    0.6011666059494019,
    0.6724127531051636,
    0.6167477369308472,
    0.6135583519935608,
    0.5640764236450195,
    0.5853020548820496,
    0.4823218286037445,
    0.5493600964546204,
    0.5943954586982727
  ],
  "f2_std_ref": [
    0.17982763051986694,
    0.23309241235256195,
    0.21836154162883759,
    0.17480407655239105,
    0.24196267127990723,
    0.23381583392620087,
    0.19263990223407745,
    0.09202184528112411,
    0.11863075941801071,
    0.2291025072336197
  ],
  "final_ess_mean": 31.636398124694825,
  "final_ess_std": 0.5952764329808953,
  "acceptance_rate_mean": 0.27163833725783565,
  "acceptance_rate_std": 0.0032552547086536075,
  "n_iter_mean": 9.8,
  "n_iter_std": 0.4216370213557839
}