{
  "dimension": 10,
  "num_particles_reference": 32,
  "num_reference_runs": 10,
  "completed_seeds": [
    0,
    1,
    2,
    3,
    4,
    5,
    6,
    7,
    8,
    9
  ],
  "logZ_runs": [
    -15.739879965782166,
    -15.49125850200653,
    -15.745069026947021,
    -16.56970977783203,
    -16.06040918827057,
    -15.622654676437378,
    -15.815905332565308,
    -16.20833194255829,
    -16.362597465515137,
    -15.577428340911865
  ],
  "f1_runs": [
    [
      0.12322809547185898,
      -0.09299921244382858,
      0.053402263671159744,
      0.22573959827423096,
      0.016430135816335678,
      -0.08833295106887817,
      -0.09475387632846832,
      -0.10906483978033066,
      -0.03556296229362488,
      -0.03887707367539406
    ],
    [
      -0.16708150506019592,
      0.3157302737236023,
      0.13409855961799622,
      -0.33464741706848145,
      0.0441727451980114,
      0.04637261480093002,
      0.016125839203596115,
      0.032898254692554474,
      0.05203051120042801,
      0.08333124220371246
    ],
    [
      -0.1899590939283371,
      -0.010503506287932396,
      0.10684989392757416,
      0.24548159539699554,
      -0.03920726850628853,
      0.020818479359149933,
      -0.19158175587654114,
      -0.1377045214176178,
      0.01670069247484207,
      0.15235410630702972
    ],
    [
      0.15746425092220306,
      -0.05859756097197533,
      0.15370294451713562,
      -0.016422122716903687,
      -0.06827104091644287,
      -0.03176103159785271,
      0.11195795983076096,
      0.04859236627817154,
      -0.1467815637588501,
      -0.008779393509030342
    ],
    [
      -0.109919972717762,
      -0.1445404291152954,
      0.15716040134429932,
      -0.05118700861930847,
      0.05025666207075119,
      0.23537904024124146,
      0.06224735453724861,
      0.20433375239372253,
      -0.009707052260637283,
      0.021639971062541008
    ],
    [
      0.16027472913265228,
      -0.14833590388298035,
      0.25272464752197266,
      -0.09626289457082748,
      -0.02897711843252182,
      0.2502442002296448,
      -0.008849982172250748,
      0.05790529027581215,
      0.14175884425640106,
      0.013100817799568176
    ],
    [
      -0.3108283579349518,
      0.07861536741256714,
      0.10719083249568939,
      0.10892902314662933,
      0.022054189816117287,
      0.2240062803030014,
      0.024911941960453987,
      -0.13362367451190948,
      -0.23028303682804108,
      -0.2784262001514435
    ],
    [
      -0.016771988943219185,
      0.11539116501808167,
      0.03904952108860016,
      0.1407121866941452,
      -0.011676935479044914,
      0.0880206748843193,
      -0.0870261937379837,
      0.1712707132101059,
      0.04762457311153412,
      0.006975743919610977
    ],
    [
      -0.093407042324543,
      0.1400398164987564,
      -0.05998329073190689,
      0.18114009499549866,
      0.012449435889720917,
      -0.03204026445746422,
      0.09680101275444031,
      0.0040049166418612,
      -0.24391821026802063,
      -0.18264447152614594
    ],
    [
      -0.1640428900718689,
      0.12027659267187119,
      -0.10767389088869095,
      -0.10403755307197571,
      -0.09551786631345749,
      -0.10133446753025055,
      0.0435018315911293,
      -0.17458759248256683,
      0.0022400319576263428,
      -0.04428704082965851
    ]
  ],
  "f2_runs": [
    [
      0.52964848279953,
      0.535249650478363,
      0.6558260321617126,
      0.5615145564079285,
      0.38169732689857483,
      0.4443150758743286,
      0.7339268922805786,
      0.5186389088630676,
      0.43452244997024536,
      0.5336341261863708
    ],
    [
      1.0225818157196045,
      0.7385350465774536,
      0.3679514229297638,
      0.7334784269332886,
      0.8593854308128357,
      0.3644023835659027,
      0.3770461976528168,
      0.5523580312728882,
      0.5219191908836365,
      0.6761536598205566
    ],
    [
      0.6112838983535767,
      0.45516854524612427,
      0.8705042004585266,
      0.7586883902549744,
      0.5533076524734497,
      0.38707002997398376,
      0.8612616658210754,
      0.6132693290710449,
      0.6987441778182983,
      0.20407164096832275
    ],
    [
      0.5516575574874878,
      0.903803825378418,
      0.5771341323852539,
      0.8211047053337097,
      0.39530739188194275,
      1.0090208053588867,
      0.49887603521347046,
      0.45166486501693726,
      0.7678200602531433,
      0.5168828964233398
    ],
    [
      0.521454930305481,
      0.9788674116134644,
      0.6271140575408936,
      0.8725703954696655,
      0.6278691291809082,
      0.37261658906936646,
      0.543624997138977,
      0.5156155824661255,
      0.4916444718837738,
      0.9740338325500488
    ],
    [
      0.7088396549224854,
      0.5514159202575684,
      0.46858325600624084,
      0.577546238899231,
      1.0918854475021362,
      0.7828046679496765,
      0.4369000792503357,
      0.5253156423568726,
      0.5439285635948181,
      0.30548542737960815
    ],
    [
      0.8448191285133362,
      0.2100152224302292,
      0.8438136577606201,
      0.5713901519775391,
      0.644338846206665,
      0.676950216293335,
      0.8873430490493774,
      0.2729325592517853,
      0.5961947441101074,
      0.8021710515022278
    ],
    [
      0.6473484635353088,
      0.5399215817451477,
      0.4463426470756531,
      0.5250859260559082,
      0.7929546236991882,
      0.29403162002563477,
      0.4486727714538574,
      0.4761287569999695,
      0.5403802394866943,
      0.7730374932289124
    ],
    [
      0.8914885520935059,
      0.7003651261329651,
      0.8161640167236328,
      0.3629588484764099,
      0.4349346160888672,
      0.7594014406204224,
      0.6838709712028503,
      0.4112710654735565,
      0.5413882732391357,
      0.5631606578826904
    ],
    [
      0.9027136564254761,
      0.39832422137260437,
      1.0506943464279175,
      0.38314011693000793,
      0.353903204202652,
      0.5501514673233032,
      0.3814985454082489,
      0.48602330684661865,
      0.3570582866668701,
      0.5953235030174255
    ]
  ],
  "final_ess_runs": [
    31.984764099121094,
    30.2368106842041,
    31.937055587768555,
    31.891864776611328,
    31.47270965576172,
    30.9494686126709,
    31.957944869995117,
    31.98932647705078,
    31.9453182220459,
    31.99871826171875
  ],
  "acceptance_rate_runs": [
    0.26886955797672274,
    0.2750898689031601,
    0.27072410434484484,
    0.26694162636995317,
    0.2706646427512169,
    0.2720679223537445,
    0.2719999417662621,
    0.27594221962822807,
    0.2679930552840233,
    0.2760904332002004
  ],
  "n_iter_runs": [
    10.0,
    10.0,
    10.0,
    10.0,
    10.0,
    10.0,
    10.0,
    9.0,
    10.0,
    9.0
  ]
}